"2025-08-21 10:15:00","0.582"
"2025-08-21 10:20:00","0.581"
"2025-08-21 10:25:00","0.581"
"2025-08-21 10:30:00","0.58"
"2025-08-21 10:35:00","0.58"
"2025-08-21 10:40:00","0.579"
"2025-08-21 10:45:00","0.58"
"2025-08-21 10:50:00","0.58"
"2025-08-21 10:55:00","0.579"
"2025-08-21 11:00:00","0.579"
"2025-08-21 11:05:00","0.579"
"2025-08-21 11:10:00","0.579"
"2025-08-21 11:15:00","0.579"
"2025-08-21 11:20:00","0.578"
"2025-08-21 11:25:00","0.578"
"2025-08-21 11:30:00","0.578"
"2025-08-21 11:35:00","0.578"
"2025-08-21 11:40:00","0.578"
"2025-08-21 11:45:00","0.578"
"2025-08-21 11:50:00","0.578"
"2025-08-21 11:55:00","0.578"
"2025-08-21 12:00:00","0.578"
"2025-08-26 20:15:00","0.658"
"2025-08-26 20:20:00","0.658"
"2025-08-26 20:40:00","0.654"
"2025-08-26 20:45:00","0.654"
"2025-08-27 08:45:00","2.626"
"2025-08-27 08:50:00","2.626"
"2025-08-27 08:55:00","2.626"
"2025-08-27 09:00:00","2.629"
"2025-08-27 09:30:00","2.622"
"2025-08-27 09:35:00","2.625"
"2025-08-27 09:45:00","2.657"
"2025-08-27 09:50:00","2.657"
"2025-08-27 13:05:00","21"
"2025-08-27 13:10:00","21"
"2025-08-27 13:45:00","6.491"
"2025-08-27 13:50:00","6.531"
"2025-08-27 13:55:00","6.56"
"2025-08-27 14:00:00","6.558"
"2025-08-27 14:05:00","6.561"
"2025-08-27 14:10:00","6.558"
"2025-08-27 14:15:00","6.561"
"2025-08-27 14:20:00","6.432"
"2025-08-27 14:25:00","6.703"
"2025-08-27 14:30:00","6.541"
"2025-08-27 14:35:00","6.543"
"2025-08-27 14:40:00","6.55"
"2025-08-27 14:45:00","6.543"
"2025-08-27 14:50:00","6.548"
"2025-08-27 14:55:00","6.547"
"2025-08-27 15:00:00","6.544"
"2025-08-27 15:05:00","6.549"
"2025-08-27 15:10:00","6.55"
"2025-08-27 15:15:00","6.546"
"2025-08-27 15:20:00","6.548"
"2025-08-27 15:25:00","6.55"
"2025-08-27 15:30:00","6.545"
"2025-08-27 15:35:00","6.546"
"2025-08-27 15:40:00","6.555"
"2025-08-27 15:45:00","6.555"
"2025-08-27 15:50:00","6.555"
"2025-08-27 15:55:00","6.547"
"2025-08-27 16:00:00","6.548"
"2025-08-27 16:05:00","6.553"
"2025-08-27 16:10:00","6.551"
"2025-08-27 16:15:00","6.558"
"2025-08-27 16:20:00","6.548"
"2025-08-27 16:25:00","6.553"
"2025-08-27 16:30:00","6.554"
"2025-08-27 16:35:00","6.556"
"2025-08-27 16:40:00","6.564"
"2025-08-27 16:45:00","6.55"
"2025-08-27 16:50:00","6.553"
"2025-08-27 16:55:00","6.554"
"2025-08-27 17:00:00","6.551"
"2025-08-27 17:05:00","6.552"
"2025-08-27 17:10:00","6.559"
"2025-08-27 17:15:00","6.554"
"2025-08-27 17:20:00","6.556"
"2025-08-27 17:25:00","6.557"
"2025-08-27 17:30:00","6.556"
"2025-08-27 17:35:00","6.555"
"2025-08-27 17:40:00","6.56"
"2025-08-27 17:45:00","6.559"
"2025-08-27 17:50:00","6.565"
"2025-08-27 17:55:00","6.561"
"2025-08-27 18:00:00","6.557"
"2025-08-27 18:05:00","6.563"
"2025-08-27 18:10:00","6.564"
"2025-08-27 18:15:00","6.569"
"2025-08-27 18:20:00","6.564"
"2025-08-27 18:25:00","6.566"
"2025-08-27 18:30:00","6.562"
"2025-08-27 18:35:00","6.564"
"2025-08-27 18:40:00","6.565"
"2025-08-27 18:45:00","6.562"
"2025-08-27 18:50:00","6.565"
"2025-08-27 18:55:00","6.571"
"2025-08-27 19:00:00","6.567"
"2025-08-27 19:05:00","6.57"
"2025-08-27 19:10:00","6.566"
"2025-08-27 19:15:00","6.566"
"2025-08-27 19:20:00","6.563"
"2025-08-27 19:25:00","6.568"
"2025-08-27 19:30:00","6.574"
"2025-08-27 19:35:00","6.563"
"2025-08-27 19:40:00","6.566"
"2025-08-27 19:45:00","6.576"
"2025-08-27 19:50:00","6.572"
"2025-08-27 19:55:00","6.567"
"2025-08-27 20:00:00","6.567"
"2025-08-27 20:05:00","6.577"
"2025-08-27 20:10:00","6.57"
"2025-08-27 20:15:00","6.574"
"2025-08-27 20:20:00","6.574"
"2025-08-27 20:25:00","6.574"
"2025-08-27 20:30:00","6.572"
"2025-08-27 20:35:00","6.575"
"2025-08-27 20:40:00","6.571"
"2025-08-27 20:45:00","6.569"
"2025-08-27 20:50:00","6.578"
"2025-08-27 20:55:00","6.568"
"2025-08-27 21:00:00","6.575"
"2025-08-27 21:05:00","6.572"
"2025-08-27 21:10:00","6.578"
"2025-08-27 21:15:00","6.577"
"2025-08-27 21:20:00","6.569"
"2025-08-27 21:25:00","6.573"
"2025-08-27 21:30:00","6.576"
"2025-08-27 21:35:00","6.569"
"2025-08-27 21:39:59","6.571"
"2025-08-27 21:44:59","6.575"
"2025-08-27 21:49:59","6.575"
"2025-08-27 21:54:59","6.571"
"2025-08-27 21:59:59","6.572"
"2025-08-27 22:04:59","6.57"
"2025-08-27 22:09:59","6.574"
"2025-08-27 22:14:59","6.574"
"2025-08-27 22:19:59","6.572"
"2025-08-27 22:24:59","6.57"
"2025-08-27 22:29:59","6.573"
"2025-08-27 22:34:59","6.569"
"2025-08-27 22:39:59","6.575"
"2025-08-27 22:44:59","6.581"
"2025-08-27 22:49:59","6.582"
"2025-08-27 22:54:59","6.583"
"2025-08-27 22:59:59","6.579"
"2025-08-27 23:04:59","6.576"
"2025-08-27 23:09:59","6.574"
"2025-08-27 23:14:59","6.578"
"2025-08-27 23:19:59","6.582"
"2025-08-27 23:24:59","6.58"
"2025-08-27 23:29:59","6.577"
"2025-08-27 23:34:59","6.583"
"2025-08-27 23:39:59","6.584"
"2025-08-27 23:44:59","6.58"
"2025-08-27 23:49:59","6.58"
"2025-08-27 23:54:59","6.574"
"2025-08-27 23:59:59","6.576"
"2025-08-28 00:04:59","6.578"
"2025-08-28 00:09:59","6.58"
"2025-08-28 00:14:59","6.581"
"2025-08-28 00:19:59","6.584"
"2025-08-28 00:24:59","6.581"
"2025-08-28 00:29:59","6.584"
"2025-08-28 00:34:59","6.582"
"2025-08-28 00:39:59","6.579"
"2025-08-28 00:44:59","6.58"
"2025-08-28 00:49:59","6.581"
"2025-08-28 00:54:59","6.59"
"2025-08-28 00:59:59","6.59"
"2025-08-28 01:04:59","6.586"
"2025-08-28 01:09:59","6.577"
"2025-08-28 01:14:59","6.586"
"2025-08-28 01:19:59","6.592"
"2025-08-28 01:24:59","6.583"
"2025-08-28 01:29:59","6.582"
"2025-08-28 01:34:59","6.583"
"2025-08-28 01:39:59","6.593"
"2025-08-28 01:44:59","6.595"
"2025-08-28 01:49:59","6.59"
"2025-08-28 01:54:59","6.598"
"2025-08-28 01:59:59","6.594"
"2025-08-28 02:04:59","6.589"
"2025-08-28 02:09:59","6.595"
"2025-08-28 02:14:59","6.595"
"2025-08-28 02:19:59","6.6"
"2025-08-28 02:24:59","6.593"
"2025-08-28 02:29:59","6.591"
"2025-08-28 02:34:59","6.601"
"2025-08-28 02:39:59","6.6"
"2025-08-28 02:44:59","6.599"
"2025-08-28 02:49:59","6.593"
"2025-08-28 02:54:59","6.594"
"2025-08-28 02:59:59","6.599"
"2025-08-28 03:04:59","6.598"
"2025-08-28 03:09:59","6.601"
"2025-08-28 03:14:59","6.597"
"2025-08-28 03:19:59","6.607"
"2025-08-28 03:24:59","6.606"
"2025-08-28 03:29:59","6.6"
"2025-08-28 03:34:59","6.604"
"2025-08-28 03:39:59","6.604"
"2025-08-28 03:44:59","6.604"
"2025-08-28 03:49:59","6.609"
"2025-08-28 03:54:59","6.606"
"2025-08-28 03:59:59","6.609"
"2025-08-28 04:04:59","6.608"
"2025-08-28 04:09:59","6.604"
"2025-08-28 04:14:59","6.604"
"2025-08-28 04:19:59","6.607"
"2025-08-28 04:24:59","6.611"
"2025-08-28 04:29:59","6.611"
"2025-08-28 04:34:59","6.613"
"2025-08-28 04:39:59","6.61"
"2025-08-28 04:44:59","6.611"
"2025-08-28 04:49:59","6.613"
"2025-08-28 04:54:59","6.612"
"2025-08-28 04:59:59","6.613"
"2025-08-28 05:04:58","6.61"
"2025-08-28 05:09:58","6.605"
"2025-08-28 05:14:58","6.607"
"2025-08-28 05:19:58","6.617"
"2025-08-28 05:24:58","6.611"
"2025-08-28 05:29:58","6.615"
"2025-08-28 05:34:58","6.611"
"2025-08-28 05:39:58","6.61"
"2025-08-28 05:44:58","6.61"
"2025-08-28 05:49:58","6.614"
"2025-08-28 05:54:58","6.609"
"2025-08-28 05:59:58","6.612"
"2025-08-28 06:04:58","6.609"
"2025-08-28 06:09:58","6.616"
"2025-08-28 06:14:58","6.616"
"2025-08-28 06:19:58","6.602"
"2025-08-28 06:24:58","6.61"
"2025-08-28 06:29:58","6.612"
"2025-08-28 06:34:58","6.613"
"2025-08-28 06:39:58","6.613"
"2025-08-28 06:44:58","6.616"
"2025-08-28 06:49:58","6.616"
"2025-08-28 06:54:58","6.617"
"2025-08-28 06:59:58","6.614"
"2025-08-28 07:04:58","6.616"
"2025-08-28 07:09:58","6.614"
"2025-08-28 07:14:58","6.614"
"2025-08-28 07:19:58","6.614"
"2025-08-28 07:24:58","6.614"
"2025-08-28 07:29:58","6.612"
"2025-08-28 07:34:58","6.611"
"2025-08-28 07:39:58","6.613"
"2025-08-28 07:44:58","6.609"
"2025-08-28 07:49:58","6.607"
"2025-08-28 07:54:58","6.607"
"2025-08-28 07:59:58","6.604"
"2025-08-28 08:04:58","6.607"
"2025-08-28 08:09:58","6.609"
"2025-08-28 08:14:58","6.61"
"2025-08-28 08:19:58","6.614"
"2025-08-28 08:24:58","6.607"
"2025-08-28 08:29:58","6.614"
"2025-08-28 08:34:58","6.61"
"2025-08-28 08:39:58","6.614"
"2025-08-28 08:44:58","6.611"
"2025-08-28 08:49:58","6.606"
"2025-08-28 08:54:58","6.605"
"2025-08-28 08:59:58","6.609"
"2025-08-28 09:04:58","6.605"
"2025-08-28 09:09:58","6.607"
"2025-08-28 09:14:58","6.604"
"2025-08-28 09:19:58","6.604"
"2025-08-28 09:24:58","6.6"
"2025-08-28 09:29:58","6.594"
"2025-08-28 09:34:58","6.603"
"2025-08-28 09:39:58","6.6"
"2025-08-28 09:44:58","6.6"
"2025-08-28 09:49:58","6.593"
"2025-08-28 09:54:58","6.596"
"2025-08-28 09:59:58","6.592"
"2025-08-28 10:04:58","6.589"
"2025-08-28 10:09:58","6.591"
"2025-08-28 10:14:58","6.589"
"2025-08-28 10:19:58","6.59"
"2025-08-28 10:24:58","6.581"
"2025-08-28 10:29:58","6.584"
"2025-08-28 10:34:58","6.581"
"2025-08-28 10:39:58","6.585"
"2025-08-28 10:44:58","6.576"
"2025-08-28 10:49:58","6.573"
"2025-08-28 10:54:58","6.57"
"2025-08-28 10:59:58","6.57"
"2025-08-28 11:04:58","6.571"
"2025-08-28 11:09:58","6.56"
"2025-08-28 11:14:58","6.565"
"2025-08-28 11:19:58","6.569"
"2025-08-28 11:24:58","6.559"
"2025-08-28 11:29:58","6.56"
"2025-08-28 11:34:58","6.558"
"2025-08-28 11:39:58","6.555"
"2025-08-28 11:44:58","6.558"
"2025-08-28 11:49:58","6.558"
"2025-08-28 11:54:58","6.555"
"2025-08-28 11:59:58","6.551"
"2025-08-28 12:04:58","6.55"
"2025-08-28 12:09:58","6.555"
"2025-08-28 12:14:58","6.547"
"2025-08-28 12:19:58","6.55"
"2025-08-28 12:24:58","6.551"
"2025-08-28 12:29:57","6.553"
"2025-08-28 12:34:57","6.548"
"2025-08-28 12:39:57","6.558"
"2025-08-28 12:44:57","6.547"
"2025-08-28 12:49:57","6.544"
"2025-08-28 12:54:57","6.55"
"2025-08-28 12:59:57","6.55"
"2025-08-28 13:04:57","6.544"
"2025-08-28 13:09:57","6.548"
"2025-08-28 13:14:57","6.548"
"2025-08-28 13:19:57","6.552"
"2025-08-28 13:24:57","6.544"
"2025-08-28 13:29:57","6.549"
"2025-08-28 13:34:57","6.548"
"2025-08-28 13:39:57","6.548"
"2025-08-28 13:44:57","6.548"
"2025-08-28 13:49:57","6.546"
"2025-08-28 13:54:57","6.547"
"2025-08-28 13:59:57","6.55"
"2025-08-28 14:04:57","6.542"
"2025-08-28 14:09:57","6.549"
"2025-08-28 14:14:57","6.549"
"2025-08-28 14:19:57","6.544"
"2025-08-28 14:24:57","6.546"
"2025-08-28 14:29:57","6.553"
"2025-08-28 14:34:57","6.55"
"2025-08-28 14:39:57","6.546"
"2025-08-28 14:44:57","6.543"
"2025-08-28 14:49:57","6.547"
"2025-08-28 14:54:57","6.549"
"2025-08-28 14:59:57","6.549"
"2025-08-28 15:04:57","6.557"
"2025-08-28 15:09:57","6.551"
"2025-08-28 15:14:57","6.555"
"2025-08-28 15:19:57","6.561"
"2025-08-28 15:24:57","6.556"
"2025-08-28 15:29:57","6.552"
"2025-08-28 15:34:57","6.55"
"2025-08-28 15:39:57","6.548"
"2025-08-28 15:44:57","6.555"
"2025-08-28 15:49:57","6.555"
"2025-08-28 15:54:57","6.548"
"2025-08-28 15:59:57","6.556"
"2025-08-28 16:04:57","6.552"
"2025-08-28 16:09:57","6.548"
"2025-08-28 16:14:57","6.551"
"2025-08-28 16:19:57","6.553"
"2025-08-28 16:24:57","6.549"
"2025-08-28 16:29:57","6.553"
"2025-08-28 16:34:57","6.548"
"2025-08-28 16:39:57","6.555"
"2025-08-28 16:44:57","6.56"
"2025-08-28 16:49:57","6.553"
"2025-08-28 16:54:57","6.555"
"2025-08-28 16:59:57","6.554"
"2025-08-28 17:04:57","6.554"
"2025-08-28 17:09:57","6.552"
"2025-08-28 17:14:57","6.555"
"2025-08-28 17:19:57","6.554"
"2025-08-28 17:24:57","6.556"
"2025-08-28 17:29:57","6.553"
"2025-08-28 17:34:57","6.559"
"2025-08-28 17:39:57","6.56"
"2025-08-28 17:44:57","6.553"
"2025-08-28 17:49:57","6.554"
"2025-08-28 17:54:57","6.553"
"2025-08-28 17:59:57","6.551"
"2025-08-28 18:04:57","6.552"
"2025-08-28 18:09:57","6.554"
"2025-08-28 18:14:57","6.559"
"2025-08-28 18:19:57","6.559"
"2025-08-28 18:24:57","6.558"
"2025-08-28 18:29:57","6.554"
"2025-08-28 18:34:57","6.56"
"2025-08-28 18:39:57","6.56"
"2025-08-28 18:44:57","6.562"
"2025-08-28 18:49:57","6.557"
"2025-08-28 18:54:57","6.558"
"2025-08-28 18:59:57","6.552"
"2025-08-28 19:04:57","6.565"
"2025-08-28 19:09:57","6.564"
"2025-08-28 19:14:57","6.557"
"2025-08-28 19:19:57","6.562"
"2025-08-28 19:24:57","6.559"
"2025-08-28 19:29:57","6.561"
"2025-08-28 19:34:57","6.567"
"2025-08-28 19:39:57","6.559"
"2025-08-28 19:44:57","6.564"
"2025-08-28 19:49:57","6.56"
"2025-08-28 19:54:57","6.563"
"2025-08-28 19:59:57","6.562"
"2025-08-28 20:04:57","6.564"
"2025-08-28 20:09:57","6.565"
"2025-08-28 20:14:57","6.567"
"2025-08-28 20:19:56","6.558"
"2025-08-28 20:24:56","6.561"
"2025-08-28 20:29:56","6.565"
"2025-08-28 20:34:56","6.561"
"2025-08-28 20:39:56","6.566"
"2025-08-28 20:44:56","6.559"
"2025-08-28 20:49:56","6.568"
"2025-08-28 20:54:56","6.571"
"2025-08-28 20:59:56","6.567"
"2025-08-28 21:04:56","6.565"
"2025-08-28 21:09:56","6.569"
"2025-08-28 21:14:56","6.56"
"2025-08-28 21:19:56","6.562"
"2025-08-28 21:24:56","6.571"
"2025-08-28 21:29:56","6.566"
"2025-08-28 21:34:56","6.565"
"2025-08-28 21:39:56","6.568"
"2025-08-28 21:44:56","6.565"
"2025-08-28 21:49:56","6.569"
"2025-08-28 21:54:56","6.573"
"2025-08-28 21:59:56","6.566"
"2025-08-28 22:04:56","6.565"
"2025-08-28 22:09:56","6.567"
"2025-08-28 22:14:56","6.566"
"2025-08-28 22:19:56","6.571"
"2025-08-28 22:24:56","6.569"
"2025-08-28 22:29:56","6.571"
"2025-08-28 22:34:56","6.569"
"2025-08-28 22:39:56","6.564"
"2025-08-28 22:44:56","6.566"
"2025-08-28 22:49:56","6.569"
"2025-08-28 22:54:56","6.568"
"2025-08-28 22:59:56","6.569"
"2025-08-28 23:04:56","6.573"
"2025-08-28 23:09:56","6.573"
"2025-08-28 23:14:56","6.57"
"2025-08-28 23:19:56","6.575"
"2025-08-28 23:24:56","6.571"
"2025-08-28 23:29:56","6.579"
"2025-08-28 23:34:56","6.57"
"2025-08-28 23:39:56","6.569"
"2025-08-28 23:44:56","6.571"
"2025-08-28 23:49:56","6.574"
"2025-08-28 23:54:56","6.571"
"2025-08-28 23:59:56","6.569"
"2025-08-29 00:04:56","6.574"
"2025-08-29 00:09:56","6.579"
"2025-08-29 00:14:56","6.588"
"2025-08-29 00:19:56","6.573"
"2025-08-29 00:24:56","6.573"
"2025-08-29 00:29:56","6.57"
"2025-08-29 00:34:56","6.579"
"2025-08-29 00:39:56","6.575"
"2025-08-29 00:44:56","6.582"
"2025-08-29 00:49:56","6.581"
"2025-08-29 00:54:56","6.579"
"2025-08-29 00:59:56","6.577"
"2025-08-29 01:04:56","6.583"
"2025-08-29 01:09:56","6.577"
"2025-08-29 01:14:56","6.582"
"2025-08-29 01:19:56","6.566"
"2025-08-29 01:24:56","6.58"
"2025-08-29 01:29:56","6.581"
"2025-08-29 01:34:56","6.592"
"2025-08-29 01:39:56","6.576"
"2025-08-29 01:44:56","6.577"
"2025-08-29 01:49:56","6.579"
"2025-08-29 01:54:56","6.587"
"2025-08-29 01:59:56","6.592"
"2025-08-29 02:04:56","6.585"
"2025-08-29 02:09:56","6.582"
"2025-08-29 02:14:56","6.58"
"2025-08-29 02:19:56","6.583"
"2025-08-29 02:24:56","6.584"
"2025-08-29 02:29:56","6.578"
"2025-08-29 02:34:56","6.582"
"2025-08-29 02:39:56","6.587"
"2025-08-29 02:44:56","6.588"
"2025-08-29 02:49:56","6.59"
"2025-08-29 02:54:56","6.591"
"2025-08-29 02:59:56","6.59"
"2025-08-29 03:04:56","6.598"
"2025-08-29 03:09:56","6.594"
"2025-08-29 03:14:56","6.599"
"2025-08-29 03:19:56","6.601"
"2025-08-29 03:24:56","6.588"
"2025-08-29 03:29:56","6.596"
"2025-08-29 03:34:56","6.598"
"2025-08-29 03:39:56","6.59"
"2025-08-29 03:44:55","6.597"
"2025-08-29 03:49:55","6.597"
"2025-08-29 03:54:55","6.598"
"2025-08-29 03:59:55","6.604"
"2025-08-29 04:04:55","6.589"
"2025-08-29 04:09:55","6.591"
"2025-08-29 04:14:55","6.598"
"2025-08-29 04:19:55","6.597"
"2025-08-29 04:24:55","6.593"
"2025-08-29 04:29:55","6.601"
"2025-08-29 04:34:55","6.602"
"2025-08-29 04:39:55","6.598"
"2025-08-29 04:44:55","6.592"
"2025-08-29 04:49:55","6.599"
"2025-08-29 04:54:55","6.596"
"2025-08-29 04:59:55","6.595"
"2025-08-29 05:04:55","6.608"
"2025-08-29 05:09:55","6.609"
"2025-08-29 05:14:55","6.603"
"2025-08-29 05:19:55","6.601"
"2025-08-29 05:24:55","6.584"
"2025-08-29 05:29:55","6.598"
"2025-08-29 05:34:55","6.606"
"2025-08-29 05:39:55","6.604"
"2025-08-29 05:44:55","6.596"
"2025-08-29 05:49:55","6.598"
"2025-08-29 05:54:55","6.601"
"2025-08-29 05:59:55","6.613"
"2025-08-29 06:04:55","6.609"
"2025-08-29 06:09:55","6.604"
"2025-08-29 06:14:55","6.605"
"2025-08-29 06:19:55","6.591"
"2025-08-29 06:24:55","6.59"
"2025-08-29 06:29:55","6.592"
"2025-08-29 06:34:55","6.595"
"2025-08-29 06:39:55","6.6"
"2025-08-29 06:44:55","6.601"
"2025-08-29 06:49:55","6.604"
"2025-08-29 06:54:55","6.593"
"2025-08-29 06:59:55","6.607"
"2025-08-29 07:04:55","6.595"
"2025-08-29 07:09:55","6.592"
"2025-08-29 07:14:55","6.603"
"2025-08-29 07:19:55","6.594"
"2025-08-29 07:24:55","6.599"
"2025-08-29 07:29:55","6.608"
"2025-08-29 07:34:55","6.605"
"2025-08-29 07:39:55","6.605"
"2025-08-29 07:44:55","6.602"
"2025-08-29 07:49:55","6.604"
"2025-08-29 07:54:55","6.601"
"2025-08-29 07:59:55","6.594"
"2025-08-29 08:04:55","6.598"
"2025-08-29 08:09:55","6.596"
"2025-08-29 08:14:55","6.597"
"2025-08-29 08:19:55","6.6"
"2025-08-29 08:24:55","6.595"
"2025-08-29 08:29:55","6.601"
"2025-08-29 08:34:55","6.593"
"2025-08-29 08:39:55","6.601"
"2025-08-29 08:44:55","6.6"
"2025-08-29 08:49:55","6.606"
"2025-08-29 08:54:55","6.6"
"2025-08-29 08:59:55","6.595"
"2025-08-29 09:04:55","6.592"
"2025-08-29 09:09:55","6.598"
"2025-08-29 09:14:55","6.598"
"2025-08-29 09:19:55","6.6"
"2025-08-29 09:24:55","6.607"
"2025-08-29 09:29:55","6.591"
"2025-08-29 09:34:55","6.586"
"2025-08-29 09:39:55","6.592"
"2025-08-29 09:44:55","6.583"
"2025-08-29 09:49:55","6.59"
"2025-08-29 09:54:55","6.595"
"2025-08-29 09:59:55","6.587"
"2025-08-29 10:04:55","6.593"
"2025-08-29 10:09:55","6.586"
"2025-08-29 10:14:55","6.57"
"2025-08-29 10:19:55","6.578"
"2025-08-29 10:24:55","6.575"
"2025-08-29 10:29:55","6.58"
"2025-08-29 10:34:55","6.577"
"2025-08-29 10:39:55","6.571"
"2025-08-29 10:44:55","6.572"
"2025-08-29 10:49:55","6.563"
"2025-08-29 10:54:55","6.57"
"2025-08-29 10:59:55","6.561"
"2025-08-29 11:04:55","6.555"
"2025-08-29 11:09:55","6.559"
"2025-08-29 11:14:54","6.567"
"2025-08-29 11:19:54","6.561"
"2025-08-29 11:24:54","6.562"
"2025-08-29 11:29:54","6.56"
"2025-08-29 11:34:54","6.555"
"2025-08-29 11:39:54","6.557"
"2025-08-29 11:44:54","6.554"
"2025-08-29 11:49:54","6.557"
"2025-08-29 11:54:54","6.561"
"2025-08-29 11:59:54","6.556"
"2025-08-29 12:04:54","6.554"
"2025-08-29 12:09:54","6.555"
"2025-08-29 12:14:54","6.55"
"2025-08-29 12:19:54","6.554"
"2025-08-29 12:24:54","6.545"
"2025-08-29 12:29:54","6.549"
"2025-08-29 12:34:54","6.551"
"2025-08-29 12:39:54","6.541"
"2025-08-29 12:44:54","6.552"
"2025-08-29 12:49:54","6.542"
"2025-08-29 12:54:54","6.548"
"2025-08-29 12:59:54","6.543"
"2025-08-29 13:04:54","6.548"
"2025-08-29 13:09:54","6.545"
"2025-08-29 13:14:54","6.548"
"2025-08-29 13:19:54","6.548"
"2025-08-29 13:24:54","6.547"
"2025-08-29 13:29:54","6.541"
"2025-08-29 13:34:54","6.546"
"2025-08-29 13:39:54","6.548"
"2025-08-29 13:44:54","6.542"
"2025-08-29 13:49:54","6.551"
"2025-08-29 13:54:54","6.551"
"2025-08-29 13:59:54","6.549"
"2025-08-29 19:14:53","6.56"
"2025-08-29 19:19:53","6.556"
"2025-08-29 19:24:53","6.561"
"2025-08-29 19:29:53","6.563"
"2025-08-29 19:34:53","6.559"
"2025-08-29 19:39:53","6.562"
"2025-08-29 19:44:53","6.56"
"2025-08-29 19:49:53","6.564"
"2025-08-29 19:54:53","6.557"
"2025-08-29 19:59:53","6.553"
"2025-08-29 20:04:53","6.557"
"2025-08-29 20:09:53","6.562"
"2025-08-29 20:14:53","6.561"
"2025-08-29 20:19:53","6.563"
"2025-08-29 20:24:53","6.563"
"2025-08-29 20:29:53","6.568"
"2025-08-29 20:34:53","6.571"
"2025-08-29 20:39:53","6.565"
"2025-08-29 20:44:53","6.564"
"2025-08-29 20:49:53","6.571"
"2025-08-29 20:54:53","6.564"
"2025-08-29 20:59:53","6.567"
"2025-08-29 21:04:53","6.562"
"2025-08-29 21:09:53","6.563"
"2025-08-29 21:14:53","6.563"
"2025-08-29 21:19:53","6.569"
"2025-08-29 21:24:53","6.565"
"2025-08-29 21:29:53","6.567"
"2025-08-29 21:34:53","6.566"
"2025-08-29 21:39:53","6.567"
"2025-08-29 21:44:53","6.565"
"2025-08-29 21:49:53","6.568"
"2025-08-29 21:54:53","6.564"
"2025-08-29 21:59:53","6.567"
"2025-08-29 22:04:53","6.572"
"2025-08-29 22:09:53","6.573"
"2025-08-29 22:14:53","6.574"
"2025-08-29 22:19:53","6.572"
"2025-08-29 22:24:53","6.563"
"2025-08-29 22:29:53","6.571"
"2025-08-29 22:34:53","6.571"
"2025-08-29 22:39:53","6.572"
"2025-08-29 22:44:53","6.566"
"2025-08-29 22:49:53","6.569"
"2025-08-29 22:54:53","6.57"
"2025-08-29 22:59:53","6.574"
"2025-08-29 23:04:53","6.568"
"2025-08-29 23:09:53","6.571"
"2025-08-29 23:14:53","6.574"
"2025-08-29 23:19:53","6.57"
"2025-08-29 23:24:53","6.566"
"2025-08-29 23:29:53","6.582"
"2025-08-29 23:34:53","6.566"
"2025-08-29 23:39:53","6.578"
"2025-08-29 23:44:53","6.571"
"2025-08-29 23:49:53","6.571"
"2025-08-29 23:54:53","6.577"
"2025-08-29 23:59:53","6.565"
"2025-08-30 00:04:53","6.575"
"2025-08-30 00:09:53","6.579"
"2025-08-30 00:14:53","6.578"
"2025-08-30 00:19:53","6.576"
"2025-08-30 00:24:53","6.572"
"2025-08-30 00:29:53","6.573"
"2025-08-30 00:34:53","6.576"
"2025-08-30 00:39:53","6.576"
"2025-08-30 00:44:53","6.581"
"2025-08-30 00:49:53","6.576"
"2025-08-30 00:54:53","6.575"
"2025-08-30 00:59:53","6.575"
"2025-08-30 01:04:53","6.582"
"2025-08-30 01:09:53","6.586"
"2025-08-30 01:14:53","6.585"
"2025-08-30 01:19:53","6.581"
"2025-08-30 01:24:53","6.583"
"2025-08-30 01:29:53","6.582"
"2025-08-30 01:34:53","6.587"
"2025-08-30 01:39:53","6.59"
"2025-08-30 01:44:53","6.587"
"2025-08-30 01:49:53","6.577"
"2025-08-30 01:54:53","6.58"
"2025-08-30 01:59:53","6.591"
"2025-08-30 02:04:53","6.584"
"2025-08-30 02:09:53","6.59"
"2025-08-30 02:14:53","6.579"
"2025-08-30 02:19:53","6.591"
"2025-08-30 02:24:53","6.586"
"2025-08-30 02:29:53","6.588"
"2025-08-30 02:34:53","6.592"
"2025-08-30 02:39:53","6.588"
"2025-08-30 02:44:53","6.59"
"2025-08-30 02:49:53","6.588"
"2025-08-30 02:54:53","6.586"
"2025-08-30 02:59:53","6.591"
"2025-08-30 03:04:52","6.577"
"2025-08-30 03:09:52","6.575"
"2025-08-30 03:14:52","6.587"
"2025-08-30 03:19:52","6.587"
"2025-08-30 03:24:52","6.587"
"2025-08-30 03:29:52","6.584"
"2025-08-30 03:34:52","6.595"
"2025-08-30 03:39:52","6.599"
"2025-08-30 03:44:52","6.582"
"2025-08-30 03:49:52","6.586"
"2025-08-30 03:54:52","6.594"
"2025-08-30 03:59:52","6.594"
"2025-08-30 04:04:52","6.594"
"2025-08-30 04:09:52","6.595"
"2025-08-30 04:14:52","6.597"
"2025-08-30 04:19:52","6.598"
"2025-08-30 04:24:52","6.604"
"2025-08-30 04:29:52","6.585"
"2025-08-30 04:34:52","6.593"
"2025-08-30 04:39:52","6.596"
"2025-08-30 04:44:52","6.604"
"2025-08-30 04:49:52","6.597"
"2025-08-30 04:54:52","6.591"
"2025-08-30 04:59:52","6.591"
"2025-08-30 05:04:52","6.593"
"2025-08-30 05:09:52","6.601"
"2025-08-30 05:14:52","6.605"
"2025-08-30 05:19:52","6.605"
"2025-08-30 05:24:52","6.599"
"2025-08-30 05:29:52","6.603"
"2025-08-30 05:34:52","6.594"
"2025-08-30 05:39:52","6.601"
"2025-08-30 05:44:52","6.596"
"2025-08-30 05:49:52","6.604"
"2025-08-30 05:54:52","6.602"
"2025-08-30 05:59:52","6.603"
"2025-08-30 06:04:52","6.603"
"2025-08-30 06:09:52","6.6"
"2025-08-30 06:14:52","6.591"
"2025-08-30 06:19:52","6.593"
"2025-08-30 06:24:52","6.6"
"2025-08-30 06:29:52","6.586"
"2025-08-30 06:34:52","6.601"
"2025-08-30 06:39:52","6.589"
"2025-08-30 06:44:52","6.587"
"2025-08-30 06:49:52","6.577"
"2025-08-30 06:54:52","6.592"
"2025-08-30 06:59:52","6.59"
"2025-08-30 07:04:52","6.586"
"2025-08-30 07:09:52","6.599"
"2025-08-30 07:14:52","6.597"
"2025-08-30 07:19:52","6.59"
"2025-08-30 07:24:52","6.618"
"2025-08-30 07:29:52","6.603"
"2025-08-30 07:34:52","6.603"
"2025-08-30 07:39:52","6.601"
"2025-08-30 07:44:52","6.602"
"2025-08-30 07:49:52","6.599"
"2025-08-30 07:54:52","6.597"
"2025-08-30 07:59:52","6.59"
"2025-08-30 08:04:52","6.585"
"2025-08-30 08:09:52","6.595"
"2025-08-30 08:14:52","6.609"
"2025-08-30 08:19:52","6.602"
"2025-08-30 08:24:52","6.599"
"2025-08-30 08:29:52","6.606"
"2025-08-30 08:34:52","6.603"
"2025-08-30 08:39:52","6.6"
"2025-08-30 08:44:52","6.596"
"2025-08-30 08:49:52","6.601"
"2025-08-30 08:54:52","6.599"
"2025-08-30 08:59:52","6.59"
"2025-08-30 09:04:52","6.598"
"2025-08-30 09:09:52","6.595"
"2025-08-30 09:14:52","6.594"
"2025-08-30 09:19:52","6.6"
"2025-08-30 09:24:52","6.589"
"2025-08-30 09:29:52","6.596"
"2025-08-30 09:34:52","6.602"
"2025-08-30 09:39:52","6.6"
"2025-08-30 09:44:52","6.6"
"2025-08-30 09:49:52","6.588"
"2025-08-30 09:54:52","6.599"
"2025-08-30 09:59:52","6.586"
"2025-08-30 10:04:52","6.603"
"2025-08-30 10:09:52","6.599"
"2025-08-30 10:14:52","6.591"
"2025-08-30 10:19:52","6.591"
"2025-08-30 10:24:52","6.594"
"2025-08-30 10:29:52","6.593"
"2025-08-30 10:34:52","6.592"
"2025-08-30 10:39:52","6.589"
"2025-08-30 10:44:51","6.587"
"2025-08-30 10:49:51","6.594"
"2025-08-30 10:54:51","6.594"
"2025-08-30 10:59:51","6.58"
"2025-08-30 11:04:51","6.589"
"2025-08-30 11:09:51","6.584"
"2025-08-30 11:14:51","6.58"
"2025-08-30 11:19:51","6.581"
"2025-08-30 11:24:51","6.586"
"2025-08-30 11:29:51","6.581"
"2025-08-30 11:34:51","6.582"
"2025-08-30 11:39:51","6.581"
"2025-08-30 11:44:51","6.576"
"2025-08-30 11:49:51","6.572"
"2025-08-30 11:54:51","6.576"
"2025-08-30 11:59:51","6.57"
"2025-08-30 12:04:51","6.573"
"2025-08-30 12:09:51","6.568"
"2025-08-30 12:14:51","6.571"
"2025-08-30 12:19:51","6.565"
"2025-08-30 12:24:51","6.567"
"2025-08-30 12:29:51","6.566"
"2025-08-30 12:34:51","6.569"
"2025-08-30 12:39:51","6.564"
"2025-08-30 12:44:51","6.563"
"2025-08-30 12:49:51","6.566"
"2025-08-30 12:54:51","6.572"
"2025-08-30 12:59:51","6.564"
"2025-08-30 13:04:51","6.566"
"2025-08-30 13:09:51","6.571"
"2025-08-30 13:14:51","6.57"
"2025-08-30 13:19:51","6.568"
"2025-08-30 13:24:51","6.567"
"2025-08-30 13:29:51","6.557"
"2025-08-30 13:34:51","6.568"
"2025-08-30 13:39:51","6.566"
"2025-08-30 13:44:51","6.572"
"2025-08-30 13:49:51","6.563"
"2025-08-30 13:54:51","6.568"
"2025-08-30 13:59:51","6.56"
"2025-08-30 14:04:51","6.562"
"2025-08-30 14:09:51","6.562"
"2025-08-30 14:14:51","6.567"
"2025-08-30 14:19:51","6.563"
"2025-08-30 14:24:51","6.563"
"2025-08-30 14:29:51","6.564"
"2025-08-30 14:34:51","6.564"
"2025-08-30 14:39:51","6.563"
"2025-08-30 14:44:51","6.566"
"2025-08-30 14:49:51","6.569"
"2025-08-30 14:54:51","6.562"
"2025-08-30 14:59:51","6.561"
"2025-08-30 15:04:51","6.566"
"2025-08-30 15:09:51","6.564"
"2025-08-30 15:14:51","6.565"
"2025-08-30 15:19:51","6.563"
"2025-08-30 15:24:51","6.568"
"2025-08-30 15:29:51","6.57"
"2025-08-30 15:34:51","6.567"
"2025-08-30 15:39:51","6.564"
"2025-08-30 15:44:51","6.566"
"2025-08-30 15:49:51","6.564"
"2025-08-30 15:54:51","6.568"
"2025-08-30 15:59:51","6.57"
"2025-08-30 16:04:51","6.565"
"2025-08-30 16:09:51","6.575"
"2025-08-30 16:14:51","6.562"
"2025-08-30 16:19:51","6.572"
"2025-08-30 16:24:51","6.561"
"2025-08-30 16:29:51","6.568"
"2025-08-30 16:34:51","6.564"
"2025-08-30 16:39:51","6.569"
"2025-08-30 16:44:51","6.562"
"2025-08-30 16:49:51","6.568"
"2025-08-30 16:54:51","6.563"
"2025-08-30 16:59:51","6.569"
"2025-08-30 17:04:51","6.57"
"2025-08-30 17:09:51","6.565"
"2025-08-30 17:14:51","6.567"
"2025-08-30 17:19:51","6.566"
"2025-08-30 17:24:51","6.564"
"2025-08-30 17:29:51","6.569"
"2025-08-30 17:34:51","6.564"
"2025-08-30 17:39:51","6.566"
"2025-08-30 17:44:51","6.572"
"2025-08-30 17:49:51","6.575"
"2025-08-30 17:54:51","6.576"
"2025-08-30 17:59:51","6.575"
"2025-08-30 18:04:51","6.571"
"2025-08-30 18:09:51","6.565"
"2025-08-30 18:14:51","6.576"
"2025-08-30 18:19:51","6.571"
"2025-08-30 18:24:51","6.57"
"2025-08-30 18:29:51","6.573"
"2025-08-30 18:34:51","6.578"
"2025-08-30 18:39:51","6.569"
"2025-08-30 18:44:51","6.572"
"2025-08-30 18:49:51","6.576"
"2025-08-30 18:54:50","6.574"
"2025-08-30 18:59:50","6.577"
"2025-08-30 19:04:50","6.569"
"2025-08-30 19:09:50","6.574"
"2025-08-30 19:14:50","6.575"
"2025-08-30 19:19:50","6.576"
"2025-08-30 19:24:50","6.573"
"2025-08-30 19:29:50","6.572"
"2025-08-30 19:34:50","6.575"
"2025-08-30 19:39:50","6.578"
"2025-08-30 19:44:50","6.582"
"2025-08-30 19:49:50","6.579"
"2025-08-30 19:54:50","6.573"
"2025-08-30 19:59:50","6.577"
"2025-08-30 20:04:50","6.577"
"2025-08-30 20:09:50","6.578"
"2025-08-30 20:14:50","6.584"
"2025-08-30 20:19:50","6.577"
"2025-08-30 20:24:50","6.58"
"2025-08-30 20:29:50","6.579"
"2025-08-30 20:34:50","6.583"
"2025-08-30 20:39:50","6.587"
"2025-08-30 20:44:50","6.577"
"2025-08-30 20:49:50","6.582"
"2025-08-30 20:54:50","6.578"
"2025-08-30 20:59:50","6.579"
"2025-08-30 21:04:50","6.587"
"2025-08-30 21:09:50","6.583"
"2025-08-30 21:14:50","6.582"
"2025-08-30 21:19:50","6.582"
"2025-08-30 21:24:50","6.585"
"2025-08-30 21:29:50","6.584"
"2025-08-30 21:34:50","6.586"
"2025-08-30 21:39:50","6.589"
"2025-08-30 21:44:50","6.582"
"2025-08-30 21:49:50","6.583"
"2025-08-30 21:54:50","6.585"
"2025-08-30 21:59:50","6.582"
"2025-08-30 22:04:50","6.579"
"2025-08-30 22:09:50","6.586"
"2025-08-30 22:14:50","6.583"
"2025-08-30 22:19:50","6.58"
"2025-08-30 22:24:50","6.58"
"2025-08-30 22:29:50","6.583"
"2025-08-30 22:34:50","6.588"
"2025-08-30 22:39:50","6.59"
"2025-08-30 22:44:50","6.589"
"2025-08-30 22:49:50","6.58"
"2025-08-30 22:54:50","6.585"
"2025-08-30 22:59:50","6.584"
"2025-08-30 23:04:50","6.584"
"2025-08-30 23:09:50","6.583"
"2025-08-30 23:14:50","6.583"
"2025-08-30 23:19:50","6.584"
"2025-08-30 23:24:50","6.58"
"2025-08-30 23:29:50","6.592"
"2025-08-30 23:34:50","6.579"
"2025-08-30 23:39:50","6.587"
"2025-08-30 23:44:50","6.59"
"2025-08-30 23:49:50","6.588"
"2025-08-30 23:54:50","6.59"
"2025-08-30 23:59:50","6.583"
"2025-08-31 00:04:50","6.585"
"2025-08-31 00:09:50","6.591"
"2025-08-31 00:14:50","6.588"
"2025-08-31 00:19:50","6.589"
"2025-08-31 00:24:50","6.581"
"2025-08-31 00:29:50","6.584"
"2025-08-31 00:34:50","6.588"
"2025-08-31 00:39:50","6.584"
"2025-08-31 00:44:50","6.589"
"2025-08-31 00:49:50","6.587"
"2025-08-31 00:54:50","6.587"
"2025-08-31 00:59:50","6.592"
"2025-08-31 01:04:50","6.595"
"2025-08-31 01:09:50","6.595"
"2025-08-31 01:14:50","6.596"
"2025-08-31 01:19:50","6.582"
"2025-08-31 01:24:50","6.584"
"2025-08-31 01:29:50","6.583"
"2025-08-31 01:34:50","6.589"
"2025-08-31 01:39:50","6.596"
"2025-08-31 01:44:50","6.598"
"2025-08-31 01:49:50","6.594"
"2025-08-31 01:54:50","6.593"
"2025-08-31 01:59:50","6.592"
"2025-08-31 02:04:50","6.587"
"2025-08-31 02:09:50","6.591"
"2025-08-31 02:14:50","6.592"
"2025-08-31 02:19:50","6.594"
"2025-08-31 02:24:50","6.599"
"2025-08-31 02:29:50","6.59"
"2025-08-31 02:34:50","6.599"
"2025-08-31 02:39:50","6.596"
"2025-08-31 02:44:49","6.594"
"2025-08-31 02:49:49","6.595"
"2025-08-31 02:54:49","6.594"
"2025-08-31 02:59:49","6.604"
"2025-08-31 03:04:49","6.6"
"2025-08-31 03:09:49","6.593"
"2025-08-31 03:14:49","6.592"
"2025-08-31 03:19:49","6.595"
"2025-08-31 03:24:49","6.592"
"2025-08-31 03:29:49","6.591"
"2025-08-31 03:34:49","6.598"
"2025-08-31 03:39:49","6.599"
"2025-08-31 03:44:49","6.584"
"2025-08-31 03:49:49","6.599"
"2025-08-31 03:54:49","6.593"
"2025-08-31 03:59:49","6.594"
"2025-08-31 04:04:49","6.597"
"2025-08-31 04:09:49","6.604"
"2025-08-31 04:14:49","6.603"
"2025-08-31 04:19:49","6.596"
"2025-08-31 04:24:49","6.596"
"2025-08-31 04:29:49","6.599"
"2025-08-31 04:34:49","6.605"
"2025-08-31 04:39:49","6.593"
"2025-08-31 04:44:49","6.6"
"2025-08-31 04:49:49","6.599"
"2025-08-31 04:54:49","6.596"
"2025-08-31 04:59:49","6.599"
"2025-08-31 05:04:49","6.608"
"2025-08-31 05:09:49","6.604"
"2025-08-31 05:14:49","6.599"
"2025-08-31 05:19:49","6.596"
"2025-08-31 05:24:49","6.598"
"2025-08-31 05:29:49","6.605"
"2025-08-31 05:34:49","6.599"
"2025-08-31 05:39:49","6.605"
"2025-08-31 05:44:49","6.608"
"2025-08-31 05:49:49","6.611"
"2025-08-31 05:54:49","6.615"
"2025-08-31 05:59:49","6.61"
"2025-08-31 06:04:49","6.609"
"2025-08-31 06:09:49","6.602"
"2025-08-31 06:14:49","6.599"
"2025-08-31 06:19:49","6.601"
"2025-08-31 06:24:49","6.599"
"2025-08-31 06:29:49","6.602"
"2025-08-31 06:34:49","6.595"
"2025-08-31 06:39:49","6.604"
"2025-08-31 06:44:49","6.604"
"2025-08-31 06:49:49","6.603"
"2025-08-31 06:54:49","6.608"
"2025-08-31 06:59:49","6.611"
"2025-08-31 07:04:49","6.614"
"2025-08-31 07:09:49","6.598"
"2025-08-31 07:14:49","6.605"
"2025-08-31 07:19:49","6.608"
"2025-08-31 07:24:49","6.61"
"2025-08-31 07:29:49","6.607"
"2025-08-31 07:34:49","6.606"
"2025-08-31 07:39:49","6.614"
"2025-08-31 07:44:49","6.611"
"2025-08-31 07:49:49","6.596"
"2025-08-31 07:54:49","6.604"
"2025-08-31 07:59:49","6.615"
"2025-08-31 08:04:49","6.605"
"2025-08-31 08:09:49","6.611"
"2025-08-31 08:14:49","6.606"
"2025-08-31 08:19:49","6.61"
"2025-08-31 08:24:49","6.602"
"2025-08-31 08:29:49","6.607"
"2025-08-31 08:34:49","6.616"
"2025-08-31 08:39:49","6.618"
"2025-08-31 08:44:49","6.607"
"2025-08-31 08:49:49","6.614"
"2025-08-31 08:54:49","6.62"
"2025-08-31 08:59:49","6.614"
"2025-08-31 09:04:49","6.611"
"2025-08-31 09:09:49","6.615"
"2025-08-31 09:14:49","6.607"
"2025-08-31 09:19:49","6.61"
"2025-08-31 09:24:49","6.607"
"2025-08-31 09:29:49","6.607"
"2025-08-31 09:34:49","6.606"
"2025-08-31 09:39:49","6.606"
"2025-08-31 09:44:49","6.612"
"2025-08-31 09:49:49","6.606"
"2025-08-31 09:54:49","6.611"
"2025-08-31 09:59:49","6.613"
"2025-08-31 10:04:49","6.605"
"2025-08-31 10:09:49","6.603"
"2025-08-31 10:14:49","6.609"
"2025-08-31 10:19:49","6.61"
"2025-08-31 10:24:49","6.609"
"2025-08-31 10:29:49","6.611"
"2025-08-31 10:34:48","6.598"
"2025-08-31 10:39:48","6.594"
"2025-08-31 10:44:48","6.595"
"2025-08-31 10:49:48","6.599"
"2025-08-31 10:54:48","6.6"
"2025-08-31 10:59:48","6.599"
"2025-08-31 11:04:48","6.608"
"2025-08-31 11:09:48","6.592"
"2025-08-31 11:14:48","6.599"
"2025-08-31 11:19:48","6.6"
"2025-08-31 11:24:48","6.599"
"2025-08-31 11:29:48","6.599"
"2025-08-31 11:34:48","6.603"
"2025-08-31 11:39:48","6.598"
"2025-08-31 11:44:48","6.591"
"2025-08-31 11:49:48","6.595"
"2025-08-31 11:54:48","6.593"
"2025-08-31 11:59:48","6.59"
"2025-08-31 12:04:48","6.591"
"2025-08-31 12:09:48","6.593"
"2025-08-31 12:14:48","6.6"
"2025-08-31 12:19:48","6.597"
"2025-08-31 12:24:48","6.588"
"2025-08-31 12:29:48","6.583"
"2025-08-31 12:34:48","6.592"
"2025-08-31 12:39:48","6.588"
"2025-08-31 12:44:48","6.59"
"2025-08-31 12:49:48","6.593"
"2025-08-31 12:54:48","6.586"
"2025-08-31 12:59:48","6.589"
"2025-08-31 13:04:48","6.585"
"2025-08-31 13:09:48","6.586"
"2025-08-31 13:14:48","6.589"
"2025-08-31 13:19:48","6.588"
"2025-08-31 13:24:48","6.59"
"2025-08-31 13:29:48","6.576"
"2025-08-31 13:34:48","6.584"
"2025-08-31 13:39:48","6.589"
"2025-08-31 13:44:48","6.589"
"2025-08-31 13:49:48","6.58"
"2025-08-31 13:54:48","6.585"
"2025-08-31 13:59:48","6.582"
"2025-08-31 14:04:48","6.583"
"2025-08-31 14:09:48","6.583"
"2025-08-31 14:14:48","6.581"
"2025-08-31 14:19:48","6.591"
"2025-08-31 14:24:48","6.583"
"2025-08-31 14:29:48","6.579"
"2025-08-31 14:34:48","6.579"
"2025-08-31 14:39:48","6.587"
"2025-08-31 14:44:48","6.58"
"2025-08-31 14:49:48","6.584"
"2025-08-31 14:54:48","6.582"
"2025-08-31 14:59:48","6.589"
"2025-08-31 15:04:48","6.581"
"2025-08-31 15:09:48","6.578"
"2025-08-31 15:14:48","6.577"
"2025-08-31 15:19:48","6.58"
"2025-08-31 15:24:48","6.58"
"2025-08-31 15:29:48","6.582"
"2025-08-31 15:34:48","6.574"
"2025-08-31 15:39:48","6.574"
"2025-08-31 15:44:48","6.579"
"2025-08-31 15:49:48","6.58"
"2025-08-31 15:54:48","6.591"
"2025-08-31 15:59:48","6.581"
"2025-08-31 16:04:48","6.584"
"2025-08-31 16:09:48","6.588"
"2025-08-31 16:14:48","6.583"
"2025-08-31 16:19:48","6.582"
"2025-08-31 16:24:48","6.581"
"2025-08-31 16:29:48","6.583"
"2025-08-31 16:34:48","6.586"
"2025-08-31 16:39:48","6.589"
"2025-08-31 16:44:48","6.588"
"2025-08-31 16:49:48","6.583"
"2025-08-31 16:54:48","6.583"
"2025-08-31 16:59:48","6.588"
"2025-08-31 17:04:48","6.583"
"2025-08-31 17:09:48","6.588"
"2025-08-31 17:14:48","6.588"
"2025-08-31 17:19:48","6.595"
"2025-08-31 17:24:48","6.584"
"2025-08-31 17:29:48","6.586"
"2025-08-31 17:34:48","6.585"
"2025-08-31 17:39:48","6.589"
"2025-08-31 17:44:48","6.588"
"2025-08-31 17:49:48","6.584"
"2025-08-31 17:54:48","6.586"
"2025-08-31 17:59:48","6.589"
"2025-08-31 18:04:48","6.593"
"2025-08-31 18:09:48","6.587"
"2025-08-31 18:14:48","6.585"
"2025-08-31 18:19:48","6.589"
"2025-08-31 18:24:48","6.585"
"2025-08-31 18:29:48","6.591"
"2025-08-31 18:34:48","6.588"
"2025-08-31 18:39:48","6.589"
"2025-08-31 18:44:47","6.589"
"2025-08-31 18:49:47","6.591"
"2025-08-31 18:54:47","6.591"
"2025-08-31 18:59:47","6.596"
"2025-08-31 19:04:47","6.586"
"2025-08-31 19:09:47","6.587"
"2025-08-31 19:14:47","6.589"
"2025-08-31 19:19:47","6.587"
"2025-08-31 19:24:47","6.584"
"2025-08-31 19:29:47","6.587"
"2025-08-31 19:34:47","6.58"
"2025-08-31 19:39:47","6.586"
"2025-08-31 19:44:47","6.585"
"2025-08-31 19:49:47","6.589"
"2025-08-31 19:54:47","6.589"
"2025-08-31 19:59:47","6.583"
"2025-08-31 20:04:47","6.585"
"2025-08-31 20:09:47","6.587"
"2025-08-31 20:14:47","6.586"
"2025-08-31 20:19:47","6.589"
"2025-08-31 20:24:47","6.59"
"2025-08-31 20:29:47","6.588"
"2025-08-31 20:34:47","6.593"
"2025-08-31 20:39:47","6.589"
"2025-08-31 20:44:47","6.588"
"2025-08-31 20:49:47","6.584"
"2025-08-31 20:54:47","6.592"
"2025-08-31 20:59:47","6.591"
"2025-08-31 21:04:47","6.587"
"2025-08-31 21:09:47","6.593"
"2025-08-31 21:14:47","6.587"
"2025-08-31 21:19:47","6.591"
"2025-08-31 21:24:47","6.592"
"2025-08-31 21:29:47","6.59"
"2025-08-31 21:34:47","6.583"
"2025-08-31 21:39:47","6.595"
"2025-08-31 21:44:47","6.592"
"2025-08-31 21:49:47","6.59"
"2025-08-31 21:54:47","6.591"
"2025-08-31 21:59:47","6.589"
"2025-08-31 22:04:47","6.589"
"2025-08-31 22:09:47","6.592"
"2025-08-31 22:14:47","6.589"
"2025-08-31 22:19:47","6.595"
"2025-08-31 22:24:47","6.586"
"2025-08-31 22:29:47","6.587"
"2025-08-31 22:34:47","6.591"
"2025-08-31 22:39:47","6.585"
"2025-08-31 22:44:47","6.586"
"2025-08-31 22:49:47","6.588"
"2025-08-31 22:54:47","6.592"
"2025-08-31 22:59:47","6.585"
"2025-08-31 23:04:47","6.582"
"2025-08-31 23:09:47","6.58"
"2025-08-31 23:14:47","6.589"
"2025-08-31 23:19:47","6.582"
"2025-08-31 23:24:47","6.59"
"2025-08-31 23:29:47","6.587"
"2025-08-31 23:34:47","6.595"
"2025-08-31 23:39:47","6.582"
"2025-08-31 23:44:47","6.589"
"2025-08-31 23:49:47","6.593"
"2025-08-31 23:54:47","6.593"
"2025-08-31 23:59:47","6.592"
"2025-09-01 00:04:47","6.59"
"2025-09-01 00:09:47","6.592"
"2025-09-01 00:14:47","6.592"
"2025-09-01 00:19:47","6.591"
"2025-09-01 00:24:47","6.596"
"2025-09-01 00:29:47","6.593"
"2025-09-01 00:34:47","6.586"
"2025-09-01 00:39:47","6.593"
"2025-09-01 00:44:47","6.593"
"2025-09-01 00:49:47","6.595"
"2025-09-01 00:54:47","6.595"
"2025-09-01 00:59:47","6.589"
"2025-09-01 01:04:47","6.593"
"2025-09-01 01:09:47","6.591"
"2025-09-01 01:14:47","6.588"
"2025-09-01 01:19:47","6.591"
"2025-09-01 01:24:47","6.596"
"2025-09-01 01:29:47","6.589"
"2025-09-01 01:34:47","6.587"
"2025-09-01 01:39:47","6.594"
"2025-09-01 01:44:47","6.583"
"2025-09-01 01:49:47","6.585"
"2025-09-01 01:54:47","6.522"
"2025-09-01 01:59:47","6.496"
"2025-09-01 02:04:47","6.449"
"2025-09-01 02:09:47","6.426"
"2025-09-01 02:14:47","6.425"
"2025-09-01 02:19:47","6.436"
"2025-09-01 02:24:47","6.429"
"2025-09-01 02:29:47","6.435"
"2025-09-01 02:34:46","6.433"
"2025-09-01 02:39:46","6.435"
"2025-09-01 02:44:46","6.24"
"2025-09-01 02:49:46","5.977"
"2025-09-01 02:54:46","5.91"
"2025-09-01 02:59:46","5.934"
"2025-09-01 03:04:46","5.94"
"2025-09-01 03:09:46","5.972"
"2025-09-01 03:14:46","6.01"
"2025-09-01 03:19:46","6.063"
"2025-09-01 03:24:46","6.101"
"2025-09-01 03:29:46","6.136"
"2025-09-01 03:34:46","6.171"
"2025-09-01 03:39:46","6.199"
"2025-09-01 03:44:46","6.228"
"2025-09-01 03:49:46","6.249"
"2025-09-01 03:54:46","6.263"
"2025-09-01 03:59:46","6.284"
"2025-09-01 04:19:46","6.333"
"2025-09-01 04:24:46","6.342"
"2025-09-01 04:29:46","6.361"
"2025-09-01 04:34:46","6.363"
"2025-09-01 04:39:46","6.37"
"2025-09-01 04:44:46","6.403"
"2025-09-01 04:49:46","6.393"
"2025-09-01 04:54:46","6.4"
"2025-09-01 04:59:46","6.408"
"2025-09-01 05:04:46","6.417"
"2025-09-01 05:19:46","6.452"
"2025-09-01 05:24:46","6.435"
"2025-09-01 05:29:46","6.44"
"2025-09-01 05:34:46","6.445"
"2025-09-01 05:39:46","6.455"
"2025-09-01 05:44:46","6.472"
"2025-09-01 05:49:46","6.474"
"2025-09-01 05:54:46","6.47"
"2025-09-01 05:59:46","6.5"
"2025-09-01 06:04:46","6.503"
"2025-09-01 06:09:46","6.49"
"2025-09-01 06:14:46","6.486"
"2025-09-01 06:19:46","6.486"
"2025-09-01 06:24:46","6.491"
"2025-09-01 06:29:46","6.496"
"2025-09-01 06:34:46","6.499"
"2025-09-01 06:39:46","6.507"
"2025-09-01 06:44:46","6.501"
"2025-09-01 06:49:46","6.515"
"2025-09-01 06:54:46","6.51"
"2025-09-01 06:59:46","6.511"
"2025-09-01 07:04:46","6.518"
"2025-09-01 07:09:46","6.517"
"2025-09-01 07:14:46","6.526"
"2025-09-01 07:19:46","6.537"
"2025-09-01 07:24:46","6.53"
"2025-09-01 07:29:46","6.546"
"2025-09-01 07:34:46","6.542"
"2025-09-01 20:59:44","6.464"
"2025-09-01 21:04:44","6.475"
"2025-09-01 21:09:44","6.493"
"2025-09-01 21:14:44","6.481"
"2025-09-01 21:19:44","6.478"
"2025-09-01 21:24:44","6.485"
"2025-09-01 21:29:44","6.484"
"2025-09-01 21:34:44","6.484"
"2025-09-01 21:39:44","6.488"
"2025-09-01 21:44:44","6.496"
"2025-09-01 21:49:44","6.521"
"2025-09-01 21:54:44","6.506"
"2025-09-01 21:59:44","6.519"
"2025-09-01 22:04:44","6.502"
"2025-09-01 22:09:44","6.52"
"2025-09-01 22:14:44","6.523"
"2025-09-01 22:19:44","6.511"
"2025-09-01 22:24:44","6.521"
"2025-09-01 22:29:44","6.532"
"2025-09-01 22:34:44","6.519"
"2025-09-01 22:39:44","6.516"
"2025-09-01 22:44:44","6.528"
"2025-09-01 22:49:44","6.523"
"2025-09-01 22:54:44","6.536"
"2025-09-01 22:59:44","6.548"
"2025-09-01 23:04:44","6.533"
"2025-09-01 23:09:44","6.546"
"2025-09-01 23:14:44","6.555"
"2025-09-01 23:19:44","6.563"
"2025-09-01 23:24:44","6.553"
"2025-09-01 23:29:44","6.569"
"2025-09-01 23:34:44","6.561"
"2025-09-01 23:39:44","6.573"
"2025-09-01 23:44:44","6.565"
"2025-09-01 23:49:44","6.564"
"2025-09-01 23:54:44","6.563"
"2025-09-01 23:59:44","6.561"
"2025-09-02 00:04:44","6.563"
"2025-09-02 00:09:44","6.558"
"2025-09-02 00:14:44","6.57"
"2025-09-02 00:19:44","6.549"
"2025-09-02 00:24:44","6.559"
"2025-09-02 00:29:44","6.572"
"2025-09-02 00:34:44","6.567"
"2025-09-02 00:39:44","6.566"
"2025-09-02 00:44:44","6.576"
"2025-09-02 00:49:44","6.565"
"2025-09-02 00:54:44","6.576"
"2025-09-02 00:59:44","6.588"
"2025-09-02 01:04:44","6.562"
"2025-09-02 01:09:44","6.574"
"2025-09-02 01:14:43","6.583"
"2025-09-02 01:19:43","6.578"
"2025-09-02 01:24:43","6.573"
"2025-09-02 01:29:43","6.571"
"2025-09-02 01:34:43","6.575"
"2025-09-02 01:39:43","6.57"
"2025-09-02 01:44:43","6.563"
"2025-09-02 01:49:43","6.569"
"2025-09-02 01:54:43","6.561"
"2025-09-02 01:59:43","6.579"
"2025-09-02 02:04:43","6.583"
"2025-09-02 02:09:43","6.575"
"2025-09-02 02:14:43","6.573"
"2025-09-02 02:19:43","6.583"
"2025-09-02 02:24:43","6.587"
"2025-09-02 02:29:43","6.583"
"2025-09-02 02:34:43","6.583"
"2025-09-02 02:39:43","6.57"
"2025-09-02 02:44:43","6.575"
"2025-09-02 02:49:43","6.579"
"2025-09-02 02:54:43","6.588"
"2025-09-02 02:59:43","6.584"
"2025-09-02 03:04:43","6.579"
"2025-09-02 03:09:43","6.586"
"2025-09-02 03:14:43","6.588"
"2025-09-02 03:19:43","6.586"
"2025-09-02 03:24:43","6.578"
"2025-09-02 03:29:43","6.576"
"2025-09-02 03:34:43","6.575"
"2025-09-02 03:39:43","6.583"
"2025-09-02 03:44:43","6.58"
"2025-09-02 03:49:43","6.582"
"2025-09-02 03:54:43","6.583"
"2025-09-02 03:59:43","6.58"
"2025-09-02 04:04:43","6.584"
"2025-09-02 04:09:43","6.585"
"2025-09-02 04:14:43","6.588"
"2025-09-02 04:19:43","6.59"
"2025-09-02 04:24:43","6.589"
"2025-09-02 04:29:43","6.585"
"2025-09-02 04:34:43","6.586"
"2025-09-02 04:39:43","6.589"
"2025-09-02 04:44:43","6.59"
"2025-09-02 04:49:43","6.595"
"2025-09-02 04:54:43","6.589"
"2025-09-02 04:59:43","6.59"
"2025-09-02 05:04:43","6.592"
"2025-09-02 05:09:43","6.591"
"2025-09-02 05:14:43","6.584"
"2025-09-02 05:19:43","6.597"
"2025-09-02 05:24:43","6.592"
"2025-09-02 05:29:43","6.585"
"2025-09-02 05:34:43","6.593"
"2025-09-02 05:39:43","6.591"
"2025-09-02 05:44:43","6.595"
"2025-09-02 05:49:43","6.595"
"2025-09-02 05:54:43","6.59"
"2025-09-02 05:59:43","6.588"
"2025-09-02 06:04:43","6.593"
"2025-09-02 06:09:43","6.593"
"2025-09-02 06:14:43","6.59"
"2025-09-02 06:19:43","6.592"
"2025-09-02 06:24:43","6.587"
"2025-09-02 06:29:43","6.594"
"2025-09-02 06:34:43","6.595"
"2025-09-02 06:39:43","6.596"
"2025-09-02 06:44:43","6.59"
"2025-09-02 06:49:43","6.594"
"2025-09-02 06:54:43","6.589"
"2025-09-02 06:59:43","6.586"
"2025-09-02 07:04:43","6.589"
"2025-09-02 07:09:43","6.593"
"2025-09-02 07:14:43","6.595"
"2025-09-02 07:19:43","6.593"
"2025-09-02 07:24:43","6.593"
"2025-09-02 07:29:43","6.595"
"2025-09-02 07:34:43","6.585"
"2025-09-02 07:39:43","6.591"
"2025-09-02 07:44:43","6.587"
"2025-09-02 07:49:43","6.589"
"2025-09-02 07:54:43","6.586"
"2025-09-02 07:59:43","6.59"
"2025-09-02 08:04:43","6.589"
"2025-09-02 08:09:43","6.585"
"2025-09-02 08:14:43","6.59"
"2025-09-02 08:19:43","6.593"
"2025-09-02 08:24:43","6.587"
"2025-09-02 08:29:43","6.586"
"2025-09-02 08:34:43","6.583"
"2025-09-02 08:39:42","6.587"
"2025-09-02 08:44:42","6.58"
"2025-09-02 08:49:42","6.58"
"2025-09-02 08:54:42","6.586"
"2025-09-02 08:59:42","6.578"
"2025-09-02 09:04:42","6.584"
"2025-09-02 09:09:42","6.585"
"2025-09-02 09:14:42","6.581"
"2025-09-02 09:19:42","6.576"
"2025-09-02 09:24:42","6.576"
"2025-09-02 09:29:42","6.584"
"2025-09-02 09:34:42","6.572"
"2025-09-02 09:39:42","6.572"
"2025-09-02 09:44:42","6.57"
"2025-09-02 09:49:42","6.571"
"2025-09-02 09:54:42","6.569"
"2025-09-02 09:59:42","6.563"
"2025-09-02 10:04:42","6.553"
"2025-09-02 10:09:42","6.56"
"2025-09-02 10:14:42","6.547"
"2025-09-02 10:19:42","6.547"
"2025-09-02 10:24:42","6.553"
"2025-09-02 10:29:42","6.551"
"2025-09-02 10:34:42","6.553"
"2025-09-02 10:39:42","6.537"
"2025-09-02 10:44:42","6.538"
"2025-09-02 10:49:42","6.538"
"2025-09-02 10:54:42","6.534"
"2025-09-02 10:59:42","6.553"
"2025-09-02 11:04:42","6.536"
"2025-09-02 11:09:42","6.538"
"2025-09-02 11:14:42","6.535"
"2025-09-02 11:19:42","6.538"
"2025-09-02 11:24:42","6.526"
"2025-09-02 11:29:42","6.536"
"2025-09-02 11:34:42","6.532"
"2025-09-02 11:39:42","6.519"
"2025-09-02 11:44:42","6.521"
"2025-09-02 11:49:42","6.524"
"2025-09-02 11:54:42","6.524"
"2025-09-02 11:59:42","6.517"
"2025-09-02 12:04:42","6.526"
"2025-09-02 12:09:42","6.53"
"2025-09-02 12:14:42","6.529"
"2025-09-02 12:19:42","6.537"
"2025-09-02 12:24:42","6.526"
"2025-09-02 12:29:42","6.53"
"2025-09-02 12:34:42","6.547"
"2025-09-02 12:39:42","6.552"
"2025-09-02 12:44:42","6.545"
"2025-09-02 12:49:42","6.548"
"2025-09-02 12:54:42","6.542"
"2025-09-02 12:59:42","6.539"
"2025-09-02 13:04:42","6.537"
"2025-09-02 13:09:42","6.527"
"2025-09-02 13:14:42","6.552"
"2025-09-02 13:19:42","6.522"
"2025-09-02 13:24:42","6.532"
"2025-09-02 13:29:42","6.527"
"2025-09-02 13:34:42","6.543"
"2025-09-02 13:39:42","6.526"
"2025-09-02 13:44:42","6.541"
"2025-09-02 13:49:42","6.556"
"2025-09-02 13:54:42","6.578"
"2025-09-02 13:59:42","6.579"
"2025-09-02 14:04:42","6.573"
"2025-09-02 14:09:42","6.563"
"2025-09-02 14:14:42","6.567"
"2025-09-02 14:19:42","6.558"
"2025-09-02 14:24:42","6.567"
"2025-09-02 14:29:42","6.55"
"2025-09-02 14:34:42","6.562"
"2025-09-02 14:39:42","6.573"
"2025-09-02 14:44:42","6.552"
"2025-09-02 14:49:42","6.564"
"2025-09-02 14:54:42","6.573"
"2025-09-02 14:59:42","6.562"
"2025-09-02 15:04:42","6.582"
"2025-09-02 15:09:42","6.584"
"2025-09-02 15:14:42","6.573"
"2025-09-02 15:19:42","6.581"
"2025-09-02 15:24:42","6.583"
"2025-09-02 15:29:42","6.585"
"2025-09-02 15:34:42","6.594"
"2025-09-02 15:39:42","6.58"
"2025-09-02 15:44:42","6.578"
"2025-09-02 15:49:42","6.576"
"2025-09-02 15:54:42","6.578"
"2025-09-02 15:59:42","6.572"
"2025-09-02 16:04:42","6.573"
"2025-09-02 16:09:42","6.56"
"2025-09-02 16:14:42","6.569"
"2025-09-02 16:19:42","6.55"
"2025-09-02 16:24:42","6.579"
"2025-09-02 16:29:41","6.573"
"2025-09-02 16:34:41","6.565"
"2025-09-02 16:39:42","6.562"
"2025-09-02 16:44:41","6.568"
"2025-09-02 16:49:41","6.569"
"2025-09-02 16:54:41","6.569"
"2025-09-02 16:59:41","6.574"
"2025-09-02 17:04:41","6.573"
"2025-09-02 17:09:41","6.584"
"2025-09-02 17:14:41","6.567"
"2025-09-02 17:19:41","6.573"
"2025-09-02 17:24:41","6.567"
"2025-09-02 17:29:41","6.57"
"2025-09-02 17:34:41","6.562"
"2025-09-02 17:39:41","6.575"
"2025-09-02 17:44:41","6.584"
"2025-09-02 17:49:41","6.567"
"2025-09-02 17:54:41","6.556"
"2025-09-02 17:59:41","6.568"
"2025-09-02 18:04:41","6.567"
"2025-09-02 18:09:41","6.571"
"2025-09-02 18:14:41","6.574"
"2025-09-02 18:19:41","6.558"
"2025-09-02 18:24:41","6.573"
"2025-09-02 18:29:41","6.568"
"2025-09-02 18:34:41","6.58"
"2025-09-02 18:39:41","6.576"
"2025-09-02 18:44:41","6.578"
"2025-09-02 18:49:41","6.564"
"2025-09-02 18:54:41","6.57"
"2025-09-02 18:59:41","6.574"
"2025-09-02 19:04:41","6.576"
"2025-09-02 19:09:41","6.56"
"2025-09-02 19:14:41","6.571"
"2025-09-02 19:19:41","6.577"
"2025-09-02 19:24:41","6.584"
"2025-09-02 19:29:41","6.576"
"2025-09-02 19:34:41","6.578"
"2025-09-02 19:39:41","6.571"
"2025-09-02 19:44:41","6.581"
"2025-09-02 19:49:41","6.574"
"2025-09-02 19:54:41","6.561"
"2025-09-02 19:59:41","6.581"
"2025-09-02 20:04:41","6.571"
"2025-09-02 20:09:41","6.568"
"2025-09-02 20:14:41","6.573"
"2025-09-02 20:19:41","6.578"
"2025-09-02 20:24:41","6.57"
"2025-09-02 20:29:41","6.574"
"2025-09-02 20:34:41","6.584"
"2025-09-02 20:39:41","6.574"
"2025-09-02 20:44:41","6.564"
"2025-09-02 20:49:41","6.558"
"2025-09-02 20:54:41","6.557"
"2025-09-02 20:59:41","6.564"
"2025-09-02 21:04:41","6.57"
"2025-09-02 21:09:41","6.574"
"2025-09-02 21:14:41","6.568"
"2025-09-02 21:19:41","6.578"
"2025-09-02 21:24:41","6.578"
"2025-09-02 21:29:41","6.572"
"2025-09-02 21:34:41","6.578"
"2025-09-02 21:39:41","6.575"
"2025-09-02 21:44:41","6.575"
"2025-09-02 21:49:41","6.575"
"2025-09-02 21:54:41","6.555"
"2025-09-02 21:59:41","6.565"
"2025-09-02 22:04:41","6.557"
"2025-09-02 22:09:41","6.561"
"2025-09-02 22:14:41","6.564"
"2025-09-02 22:19:41","6.572"
"2025-09-02 22:24:41","6.573"
"2025-09-02 22:29:41","6.565"
"2025-09-02 22:34:41","6.563"
"2025-09-02 22:39:41","6.576"
"2025-09-02 22:44:41","6.575"
"2025-09-02 22:49:41","6.577"
"2025-09-02 22:54:41","6.567"
"2025-09-02 22:59:41","6.563"
"2025-09-02 23:04:41","6.568"
"2025-09-02 23:09:41","6.578"
"2025-09-02 23:14:41","6.576"
"2025-09-02 23:19:41","6.571"
"2025-09-02 23:24:41","6.574"
"2025-09-02 23:29:41","6.59"
"2025-09-02 23:34:41","6.572"
"2025-09-02 23:39:41","6.584"
"2025-09-02 23:44:41","6.578"
"2025-09-02 23:49:41","6.589"
"2025-09-02 23:54:41","6.585"
"2025-09-02 23:59:41","6.583"
"2025-09-03 00:04:41","6.571"
"2025-09-03 00:09:41","6.57"
"2025-09-03 00:14:40","6.577"
"2025-09-03 00:19:41","6.589"
"2025-09-03 00:24:40","6.582"
"2025-09-03 00:29:40","6.575"
"2025-09-03 00:34:40","6.574"
"2025-09-03 00:39:40","6.583"
"2025-09-03 00:44:40","6.578"
"2025-09-03 00:49:40","6.574"
"2025-09-03 00:54:40","6.58"
"2025-09-03 00:59:40","6.577"
"2025-09-03 01:04:40","6.578"
"2025-09-03 01:09:40","6.572"
"2025-09-03 01:14:40","6.576"
"2025-09-03 01:19:40","6.574"
"2025-09-03 01:24:40","6.578"
"2025-09-03 01:29:40","6.575"
"2025-09-03 01:34:40","6.578"
"2025-09-03 01:39:40","6.574"
"2025-09-03 01:44:40","6.575"
"2025-09-03 01:49:40","6.582"
"2025-09-03 01:54:40","6.585"
"2025-09-03 01:59:40","6.576"
"2025-09-03 02:04:40","6.581"
"2025-09-03 02:09:40","6.579"
"2025-09-03 02:14:40","6.582"
"2025-09-03 02:19:40","6.575"
"2025-09-03 02:24:40","6.577"
"2025-09-03 02:29:40","6.578"
"2025-09-03 02:34:40","6.583"
"2025-09-03 02:39:40","6.586"
"2025-09-03 02:44:40","6.582"
"2025-09-03 02:49:40","6.583"
"2025-09-03 02:54:40","6.59"
"2025-09-03 02:59:40","6.587"
"2025-09-03 03:04:40","6.583"
"2025-09-03 03:09:40","6.587"
"2025-09-03 03:14:40","6.585"
"2025-09-03 03:19:40","6.587"
"2025-09-03 03:24:40","6.586"
"2025-09-03 03:29:40","6.584"
"2025-09-03 03:34:40","6.592"
"2025-09-03 03:39:40","6.585"
"2025-09-03 03:44:40","6.588"
"2025-09-03 03:49:40","6.588"
"2025-09-03 03:54:40","6.593"
"2025-09-03 03:59:40","6.589"
"2025-09-03 04:04:40","6.593"
"2025-09-03 04:09:40","6.59"
"2025-09-03 04:14:40","6.593"
"2025-09-03 04:19:40","6.592"
"2025-09-03 04:24:40","6.595"
"2025-09-03 04:29:40","6.594"
"2025-09-03 04:34:40","6.594"
"2025-09-03 04:39:40","6.586"
"2025-09-03 04:44:40","6.592"
"2025-09-03 04:49:40","6.595"
"2025-09-03 04:54:40","6.594"
"2025-09-03 04:59:40","6.592"
"2025-09-03 05:04:40","6.597"
"2025-09-03 05:09:40","6.593"
"2025-09-03 05:14:40","6.597"
"2025-09-03 05:19:40","6.596"
"2025-09-03 05:24:40","6.596"
"2025-09-03 05:29:40","6.595"
"2025-09-03 05:34:40","6.593"
"2025-09-03 05:39:40","6.595"
"2025-09-03 05:44:40","6.592"
"2025-09-03 05:49:40","6.595"
"2025-09-03 05:54:40","6.595"
"2025-09-03 05:59:40","6.595"
"2025-09-03 06:04:40","6.596"
"2025-09-03 06:09:40","6.595"
"2025-09-03 06:14:40","6.601"
"2025-09-03 06:19:40","6.599"
"2025-09-03 06:24:40","6.597"
"2025-09-03 06:29:40","6.598"
"2025-09-03 06:34:40","6.598"
"2025-09-03 06:39:40","6.6"
"2025-09-03 06:44:40","6.6"
"2025-09-03 06:49:40","6.597"
"2025-09-03 06:54:40","6.602"
"2025-09-03 06:59:40","6.596"
"2025-09-03 07:04:40","6.598"
"2025-09-03 07:09:40","6.59"
"2025-09-03 07:14:40","6.597"
"2025-09-03 07:19:40","6.588"
"2025-09-03 07:24:40","6.588"
"2025-09-03 07:29:40","6.594"
"2025-09-03 07:34:40","6.594"
"2025-09-03 07:39:40","6.592"
"2025-09-03 07:44:40","6.592"
"2025-09-03 07:49:40","6.592"
"2025-09-03 07:54:39","6.587"
"2025-09-03 07:59:39","6.592"
"2025-09-03 08:04:39","6.599"
"2025-09-03 08:09:39","6.591"
"2025-09-03 08:14:39","6.596"
"2025-09-03 08:19:39","6.597"
"2025-09-03 08:24:39","6.595"
"2025-09-03 08:29:39","6.59"
"2025-09-03 08:34:39","6.59"
"2025-09-03 08:39:39","6.581"
"2025-09-03 08:44:39","6.584"
"2025-09-03 08:49:39","6.587"
"2025-09-03 08:54:39","6.586"
"2025-09-03 08:59:39","6.58"
"2025-09-03 09:04:39","6.583"
"2025-09-03 09:09:39","6.58"
"2025-09-03 09:14:39","6.582"
"2025-09-03 09:19:39","6.585"
"2025-09-03 09:24:39","6.582"
"2025-09-03 09:29:39","6.577"
"2025-09-03 09:34:39","6.574"
"2025-09-03 09:39:39","6.569"
"2025-09-03 09:44:39","6.572"
"2025-09-03 09:49:39","6.572"
"2025-09-03 09:54:39","6.572"
"2025-09-03 09:59:39","6.57"
"2025-09-03 10:04:39","6.576"
"2025-09-03 10:09:39","6.571"
"2025-09-03 10:14:39","6.566"
"2025-09-03 10:19:39","6.555"
"2025-09-03 10:24:39","6.563"
"2025-09-03 10:29:39","6.565"
"2025-09-03 10:34:39","6.561"
"2025-09-03 10:39:39","6.563"
"2025-09-03 10:44:39","6.567"
"2025-09-03 10:49:39","6.562"
"2025-09-03 10:54:39","6.565"
"2025-09-03 10:59:39","6.573"
"2025-09-03 11:04:39","6.565"
"2025-09-03 11:09:39","6.563"
"2025-09-03 11:14:39","6.565"
"2025-09-03 11:19:39","6.575"
"2025-09-03 11:24:39","6.56"
"2025-09-03 11:29:39","6.563"
"2025-09-03 11:34:39","6.562"
"2025-09-03 11:39:39","6.566"
"2025-09-03 11:44:39","6.574"
"2025-09-03 11:49:39","6.567"
"2025-09-03 11:54:39","6.554"
"2025-09-03 11:59:39","6.562"
"2025-09-03 12:04:39","6.547"
"2025-09-03 12:09:39","6.562"
"2025-09-03 12:14:39","6.56"
"2025-09-03 12:19:39","6.553"
"2025-09-03 12:24:39","6.57"
"2025-09-03 12:29:39","6.561"
"2025-09-03 12:34:39","6.575"
"2025-09-03 12:39:39","6.588"
"2025-09-03 12:44:39","6.578"
"2025-09-03 12:49:39","6.577"
"2025-09-03 12:54:39","6.572"
"2025-09-03 12:59:39","6.568"
"2025-09-03 13:04:39","6.578"
"2025-09-03 13:09:39","6.584"
"2025-09-03 13:14:39","6.578"
"2025-09-03 13:19:39","6.58"
"2025-09-03 13:24:39","6.571"
"2025-09-03 13:29:39","6.575"
"2025-09-03 13:35:00","6.582"
"2025-12-26 00:25:25","6.525"
"2025-12-26 00:25:25","6.525"
"2025-12-26 00:25:25","6.525"
"2025-12-26 00:25:25","6.525"
"2025-12-26 00:25:25","6.525"
"2025-12-26 00:25:25","6.525"
"2025-12-26 00:25:25","6.525"
"2025-12-26 00:25:25","6.525"
"2025-12-26 00:25:25","6.525"
"2025-12-26 00:25:25","6.525"
"2025-12-26 00:25:25","6.525"
"2025-12-26 00:25:25","6.525"
"2025-12-26 00:25:25","6.525"
"2025-12-26 00:25:25","6.525"
"2025-12-26 00:25:25","6.525"
"2025-12-26 00:25:25","6.525"
"2025-12-26 00:25:25","6.525"
"2025-12-26 00:25:25","6.525"
"2025-12-26 00:25:25","6.525"
"2025-12-26 00:25:25","6.525"
"2025-12-26 00:25:25","6.525"
"2025-12-26 00:25:25","6.525"
"2025-12-26 00:25:25","6.525"
"2025-12-26 00:25:25","6.525"
"2025-12-26 00:25:25","6.525"
"2025-12-26 00:25:25","6.525"
"2025-12-26 00:25:25","6.525"
"2025-09-03 14:25:00","6.523"
"2025-12-26 00:25:25","6.528"
"2025-09-03 14:35:16","6.527"
"2025-09-03 14:35:16","6.527"
"2025-09-03 14:35:16","6.527"
"2025-09-03 14:35:16","6.527"
"2025-09-03 14:35:16","6.527"
"2025-09-03 14:35:16","6.527"
"2025-09-03 14:35:16","6.527"
"2025-09-03 14:35:16","6.527"
"2025-09-03 14:35:16","6.527"
"2025-09-03 14:35:16","6.527"
"2025-09-03 14:35:16","6.527"
"2025-09-03 14:35:16","6.527"
"2025-09-03 14:35:16","6.527"
"2025-09-03 14:35:16","6.527"
"2025-09-03 14:35:16","6.527"
"2025-09-03 14:35:16","6.527"
"2025-09-03 14:35:16","6.527"
"2025-09-03 14:35:16","6.527"
"2025-09-03 14:35:16","6.527"
"2025-09-03 14:35:16","6.527"
"2025-09-03 14:35:16","6.527"
"2025-09-03 14:35:16","6.527"
"2025-09-03 14:35:16","6.527"
"2025-09-03 14:35:16","6.527"
"2025-09-03 14:35:16","6.527"
"2025-09-03 14:35:16","6.527"
"2025-09-03 14:35:16","6.527"
"2025-09-03 14:35:16","6.527"
"2025-09-03 14:35:16","6.527"
"2025-09-03 14:35:16","6.527"
"2025-09-03 14:35:16","6.527"
"2025-09-03 14:35:16","6.527"
"2025-09-03 14:35:16","6.527"
"2025-09-03 14:35:16","6.527"
"2025-09-03 14:35:16","6.527"
"2025-09-03 14:35:16","6.527"
"2025-09-03 14:35:16","6.527"
"2025-09-03 14:35:16","6.527"
"2025-09-03 14:35:16","6.527"
"2025-09-03 14:35:16","6.527"
"2025-09-03 14:35:16","6.527"
"2025-09-03 14:35:16","6.527"
"2025-09-03 14:35:16","6.527"
"2025-09-03 14:35:16","6.527"
"2025-09-03 14:35:16","6.527"
"2025-09-03 14:35:16","6.527"
"2025-12-26 00:25:25","6.524"
"2025-12-26 00:25:25","6.524"
"2025-09-03 15:05:00","6.524"
"2025-09-03 15:10:00","6.523"
"2029-07-29 08:43:04","6.524"
"2025-09-03 15:20:00","6.528"
"2025-09-03 15:25:00","6.527"
"2025-09-03 15:30:00","6.526"
"2025-09-03 15:35:00","6.523"
"2025-09-03 15:40:00","6.529"
"2025-09-03 15:45:00","6.523"
"2025-09-03 15:50:00","6.524"
"2025-09-03 15:55:00","6.524"
"2025-09-03 16:00:00","6.524"
"2025-09-03 16:05:00","6.524"
"2025-09-03 16:10:00","6.525"
"2025-09-03 16:15:00","6.525"
"2025-09-03 16:20:00","6.525"
"2025-09-03 16:25:00","6.526"
"2025-09-03 16:30:00","6.527"
"2025-09-03 16:35:00","6.527"
"2025-09-03 16:40:00","6.531"
"2025-09-03 16:45:00","6.527"
"2025-09-03 16:50:00","6.533"
"2025-09-03 16:55:00","6.528"
"2025-09-03 17:00:00","6.528"
"2025-09-03 17:05:00","6.529"
"2025-09-03 17:10:00","6.529"
"2025-09-03 17:15:00","6.53"
"2025-09-03 17:20:00","6.533"
"2025-09-03 17:25:00","6.531"
"2025-09-03 17:30:01","6.529"
"2025-09-03 17:35:00","6.531"
"2025-09-03 17:40:00","6.531"
"2025-09-03 17:45:00","6.534"
"2025-09-03 17:50:00","6.531"
"2025-09-03 17:55:00","6.531"
"2025-09-03 18:00:00","6.534"
"2025-09-03 18:05:00","6.531"
"2025-09-03 18:10:00","6.531"
"2025-09-03 18:15:00","6.53"
"2025-09-03 18:20:00","6.531"
"2025-09-03 18:25:00","6.531"
"2025-09-03 18:30:00","6.532"
"2025-09-03 18:35:00","6.534"
"2025-09-03 18:40:00","6.536"
"2025-09-03 18:45:00","6.533"
"2025-09-03 18:50:00","6.537"
"2025-09-03 18:55:00","6.537"
"2025-09-03 19:00:00","6.54"
"2025-09-03 19:05:00","6.539"
"2025-09-03 19:10:00","6.536"
"2025-09-03 19:15:00","6.536"
"2025-09-03 19:20:00","6.538"
"2025-09-03 19:25:00","6.536"
"2025-09-03 19:30:00","6.536"
"2025-09-03 19:35:00","6.538"
"2025-09-03 19:40:00","6.539"
"2025-09-03 19:45:00","6.537"
"2025-09-03 19:50:00","6.538"
"2025-09-03 19:55:00","6.537"
"2025-09-03 20:00:00","6.541"
"2025-09-03 20:05:00","6.537"
"2025-09-03 20:10:00","6.538"
"2025-09-03 20:15:00","6.541"
"2025-09-03 20:20:00","6.54"
"2025-09-03 20:25:00","6.54"
"2025-09-03 20:30:00","6.539"
"2025-09-03 20:35:00","6.544"
"2025-09-03 20:40:00","6.544"
"2025-09-03 20:45:00","6.54"
"2025-09-03 20:50:00","6.54"
"2025-09-03 20:55:00","6.54"
"2025-09-03 21:00:00","6.54"
"2025-09-03 21:05:00","6.541"
"2025-09-03 21:10:00","6.546"
"2025-09-03 21:15:00","6.544"
"2025-09-03 21:20:00","6.541"
"2025-09-03 21:25:00","6.543"
"2025-09-03 21:30:00","6.544"
"2025-09-03 21:35:00","6.544"
"2025-09-03 21:40:00","6.547"
"2025-09-03 21:45:00","6.546"
"2025-09-03 21:50:00","6.547"
"2025-09-03 21:55:00","6.548"
"2025-09-03 22:00:00","6.548"
"2025-09-03 22:05:00","6.545"
"2025-09-03 22:10:00","6.547"
"2025-09-03 22:15:00","6.548"
"2025-09-03 22:20:00","6.548"
"2025-09-03 22:25:00","6.549"
"2025-09-03 22:30:00","6.546"
"2025-09-03 22:35:00","6.548"
"2025-09-03 22:40:00","6.552"
"2025-09-03 22:45:00","6.547"
"2025-09-03 22:50:00","6.552"
"2025-09-03 22:55:00","6.547"
"2025-09-03 23:00:00","6.55"
"2025-09-03 23:05:00","6.547"
"2025-09-03 23:10:00","6.551"
"2025-09-03 23:15:00","6.551"
"2025-09-03 23:20:00","6.554"
"2025-09-03 23:25:00","6.558"
"2025-09-03 23:30:00","6.554"
"2025-09-03 23:35:00","6.557"
"2025-09-03 23:40:00","6.543"
"2025-09-03 23:45:00","6.531"
"2025-09-03 23:50:00","6.529"
"2025-09-03 23:55:00","6.527"
"2025-09-04 00:00:00","6.528"
"2025-09-04 00:05:00","6.525"
"2025-09-04 00:10:00","6.527"
"2025-09-04 00:15:00","6.53"
"2025-09-04 00:20:00","6.529"
"2025-09-04 00:25:00","6.53"
"2025-09-04 00:30:00","6.535"
"2025-09-04 00:35:00","6.533"
"2025-09-04 00:40:00","6.534"
"2025-09-04 00:45:00","6.536"
"2025-09-04 00:50:00","6.537"
"2025-09-04 00:55:00","6.537"
"2025-09-04 01:00:00","6.538"
"2025-09-04 01:05:00","6.539"
"2025-09-04 01:10:00","6.539"
"2025-09-04 01:15:00","6.539"
"2025-09-04 01:20:00","6.537"
"2025-09-04 01:25:00","6.538"
"2025-09-04 01:30:00","6.539"
"2025-09-04 01:35:00","6.539"
"2025-09-04 01:40:00","6.54"
"2025-09-04 01:45:00","6.541"
"2025-09-04 01:50:00","6.543"
"2025-09-04 01:55:00","6.543"
"2025-09-04 02:00:00","6.545"
"2025-09-04 02:05:00","6.546"
"2025-09-04 02:10:00","6.56"
"2025-09-04 02:15:00","6.553"
"2025-09-04 02:20:00","6.548"
"2025-09-04 02:25:00","6.545"
"2025-09-04 02:30:00","6.547"
"2025-09-04 02:35:00","6.546"
"2025-09-04 02:40:00","6.546"
"2025-09-04 02:45:00","6.545"
"2025-09-04 02:50:00","6.546"
"2025-09-04 02:55:00","6.546"
"2025-09-04 03:00:00","6.551"
"2025-09-04 03:05:00","6.547"
"2025-09-04 03:10:00","6.559"
"2025-09-04 03:15:00","6.548"
"2025-09-04 03:20:00","6.547"
"2025-09-04 03:25:00","6.554"
"2025-09-04 03:30:00","6.549"
"2025-09-04 03:35:00","6.55"
"2025-09-04 03:40:00","6.549"
"2025-09-04 03:45:00","6.558"
"2025-09-04 03:50:00","6.55"
"2025-09-04 03:55:00","6.551"
"2025-09-04 04:00:00","6.552"
"2025-09-04 04:05:00","6.55"
"2025-09-04 04:10:00","6.553"
"2025-09-04 04:15:00","6.551"
"2025-09-04 04:20:00","6.554"
"2025-09-04 04:25:00","6.555"
"2025-09-04 04:30:00","6.551"
"2025-09-04 04:35:00","6.555"
"2025-09-04 04:40:00","6.554"
"2025-09-04 04:45:00","6.551"
"2025-09-04 04:50:00","6.55"
"2025-09-04 04:55:00","6.552"
"2025-09-04 05:00:00","6.555"
"2025-09-04 05:05:00","6.553"
"2025-09-04 05:10:00","6.548"
"2025-09-04 05:15:00","6.546"
"2025-09-04 05:20:00","6.545"
"2025-09-04 05:25:00","6.543"
"2025-09-04 05:30:00","6.541"
"2025-09-04 05:35:00","6.54"
"2025-09-04 05:40:00","6.541"
"2025-09-04 05:45:00","6.531"
"2025-09-04 05:50:00","6.526"
"2025-09-04 05:55:00","6.525"
"2025-09-04 06:00:00","6.516"
"2025-09-04 06:05:00","6.515"
"2025-09-04 06:10:00","6.507"
"2025-09-04 06:15:00","6.502"
"2025-09-04 06:20:00","6.5"
"2025-09-04 06:25:00","6.498"
"2025-09-04 06:30:00","6.497"
"2025-09-04 06:35:00","6.497"
"2025-09-04 06:40:00","6.499"
"2025-09-04 06:45:00","6.498"
"2025-09-04 06:50:00","6.499"
"2025-09-04 06:55:00","6.505"
"2025-09-04 07:00:00","6.502"
"2025-09-04 07:05:00","6.503"
"2025-09-04 07:10:00","6.509"
"2025-09-04 07:15:00","6.511"
"2025-09-04 07:20:00","6.508"
"2025-09-04 07:25:00","6.508"
"2025-09-04 07:30:00","6.511"
"2025-09-04 07:35:00","6.512"
"2025-09-04 07:40:00","6.514"
"2025-09-04 07:45:00","6.514"
"2025-09-04 07:50:00","6.515"
"2025-09-04 07:55:00","6.518"
"2025-09-04 08:00:00","6.52"
"2025-09-04 08:05:00","6.517"
"2025-09-04 08:10:00","6.52"
"2025-09-04 08:15:00","6.519"
"2025-09-04 08:20:00","6.523"
"2025-09-04 08:25:00","6.522"
"2025-09-04 08:30:00","6.521"
"2025-11-30 01:51:44","6.522"
"2025-11-30 01:51:44","6.524"
"2025-11-30 01:51:44","6.524"
"2025-11-30 01:51:44","6.526"
"2025-11-30 01:51:44","6.527"
"2025-11-30 01:51:44","6.529"
"2025-11-30 01:51:44","6.528"
"2025-11-30 01:51:44","6.528"
"2025-11-30 01:51:44","6.529"
"2025-11-30 01:51:44","6.56"
"2025-11-30 01:51:44","6.537"
"2025-11-30 01:51:44","6.528"
"2025-11-30 01:51:44","6.532"
"2025-11-30 01:51:44","6.521"
"2025-11-30 01:51:44","6.519"
"2025-11-30 01:51:44","6.5"
"2025-11-30 01:51:44","6.503"
"2025-11-30 01:51:44","6.498"
"2025-11-30 01:51:44","6.498"
"2025-11-30 01:51:44","6.495"
"2025-11-30 01:51:44","6.495"
"2025-11-30 01:51:44","6.495"
"2025-11-30 01:51:44","6.499"
"2025-11-30 01:51:44","6.495"
"2025-11-30 01:51:44","6.495"
"2025-11-30 01:51:44","6.497"
"2025-11-30 01:51:44","6.497"
"2025-11-30 01:51:44","6.495"
"2025-11-30 01:51:44","6.495"
"2025-11-30 01:51:44","6.498"
"2025-11-30 01:51:44","6.495"
"2025-11-30 01:51:44","6.496"
"2025-11-30 01:51:44","6.495"
"2025-11-30 01:51:44","6.496"
"2025-11-30 01:51:44","6.495"
"2025-11-30 01:51:44","6.497"
"2025-11-30 01:51:44","6.501"
"2025-11-30 01:51:44","6.498"
"2025-11-30 01:51:44","6.501"
"2025-11-30 01:51:44","6.498"
"2025-11-30 01:51:44","6.501"
"2025-11-30 01:51:44","6.504"
"2025-11-30 01:51:44","6.503"
"2025-11-30 01:51:44","6.501"
"2025-11-30 01:51:44","6.503"
"2025-11-30 01:51:44","6.503"
"2025-11-30 01:51:44","6.504"
"2025-11-30 01:51:44","6.503"
"2025-11-30 01:51:44","6.506"
"2025-11-30 01:51:44","6.51"
"2025-11-30 01:51:44","6.508"
"2025-11-30 01:51:44","6.51"
"2025-11-30 01:51:44","6.514"
"2025-11-30 01:51:44","6.513"
"2025-11-30 01:51:44","6.514"
"2025-11-30 01:51:44","6.514"
"2025-11-30 01:51:44","6.514"
"2025-11-30 01:51:44","6.518"
"2025-11-30 01:51:44","6.517"
"2025-11-30 01:51:44","6.517"
"2025-11-30 01:51:44","6.519"
"2025-11-30 01:51:44","6.519"
"2025-11-30 01:51:44","6.518"
"2025-11-30 01:51:44","6.521"
"2025-11-30 01:51:44","6.52"
"2025-11-30 01:51:44","6.523"
"2025-11-30 01:51:44","6.523"
"2025-11-30 01:51:44","6.521"
"2025-11-30 01:51:44","6.52"
"2025-11-30 01:51:44","6.52"
"2025-11-30 01:51:44","6.525"
"2025-11-30 01:51:44","6.522"
"2025-11-30 01:51:44","6.522"
"2025-11-30 01:51:44","6.524"
"2025-11-30 01:51:44","6.531"
"2025-11-30 01:51:44","6.531"
"2025-11-30 01:51:44","6.536"
"2025-11-30 01:51:44","6.533"
"2025-11-30 01:51:44","6.535"
"2025-11-30 01:51:44","6.534"
"2025-11-30 01:51:44","6.534"
"2025-11-30 01:51:44","6.534"
"2025-11-30 01:51:44","6.534"
"2025-11-30 01:51:44","6.537"
"2025-11-30 01:51:44","6.536"
"2025-11-30 01:51:44","6.54"
"2025-11-30 01:51:44","6.54"
"2025-11-30 01:51:44","6.54"
"2025-11-30 01:51:44","6.54"
"2025-11-30 01:51:44","6.54"
"2025-11-30 01:51:44","6.541"
"2025-11-30 01:51:44","6.539"
"2025-11-30 01:51:44","6.54"
"2025-11-30 01:51:44","6.542"
"2025-11-30 01:51:44","6.541"
"2025-11-30 01:51:44","6.542"
"2025-11-30 01:51:44","6.543"
"2025-11-30 01:51:44","6.546"
"2025-11-30 01:51:44","6.545"
"2025-11-30 01:51:44","6.543"
"2025-11-30 01:51:44","6.544"
"2025-11-30 01:51:44","6.545"
"2025-11-30 01:51:44","6.544"
"2025-11-30 01:51:44","6.553"
"2025-11-30 01:51:44","6.549"
"2025-11-30 01:51:44","6.549"
"2025-11-30 01:51:44","6.549"
"2025-11-30 01:51:44","6.55"
"2025-11-30 01:51:44","6.553"
"2025-11-30 01:51:44","6.553"
"2025-11-30 01:51:44","6.554"
"2025-11-30 01:51:44","6.553"
"2025-11-30 01:51:44","6.557"
"2025-11-30 01:51:44","6.556"
"2025-11-30 01:51:44","6.559"
"2025-11-30 01:51:44","6.558"
"2025-11-30 01:51:44","6.558"
"2025-11-30 01:51:44","6.558"
"2025-11-30 01:51:44","6.56"
"2025-11-30 01:51:44","6.561"
"2025-11-30 01:51:44","6.561"
"2025-11-30 01:51:44","6.562"
"2025-11-30 01:51:44","6.562"
"2025-11-30 01:51:44","6.562"
"2025-11-30 01:51:44","6.562"
"2025-11-30 01:51:44","6.562"
"2025-11-30 01:51:44","6.562"
"2025-11-30 01:51:44","6.565"
"2025-11-30 01:51:44","6.566"
"2025-11-30 01:51:44","6.565"
"2025-11-30 01:51:44","6.566"
"2025-11-30 01:51:44","6.565"
"2025-11-30 01:51:44","6.566"
"2025-11-30 01:51:44","6.568"
"2025-11-30 01:51:44","6.568"
"2025-11-30 01:51:44","6.567"
"2025-11-30 01:51:44","6.568"
"2025-11-30 01:51:44","6.568"
"2025-11-30 01:51:44","6.569"
"2025-11-30 01:51:44","6.569"
"2025-11-30 01:51:44","6.571"
"2025-11-30 01:51:44","6.569"
"2025-11-30 01:51:44","6.569"
"2025-11-30 01:51:44","6.569"
"2025-11-30 01:51:44","6.571"
"2025-11-30 01:51:44","6.571"
"2025-11-30 01:51:44","6.573"
"2025-11-30 01:51:44","6.572"
"2025-11-30 01:51:44","6.571"
"2025-11-30 01:51:44","6.572"
"2025-11-30 01:51:44","6.572"
"2025-11-30 01:51:44","6.572"
"2025-11-30 01:51:44","6.573"
"2025-11-30 01:51:44","6.573"
"2025-11-30 01:51:44","6.573"
"2025-11-30 01:51:44","6.572"
"2025-11-30 01:51:44","6.575"
"2025-11-30 01:51:44","6.574"
"2025-11-30 01:51:44","6.574"
"2025-11-30 01:51:44","6.574"
"2025-11-30 01:51:44","6.574"
"2025-11-30 01:51:44","6.575"
"2025-11-30 01:51:44","6.576"
"2025-11-30 01:51:44","6.576"
"2025-11-30 01:51:44","6.576"
"2025-11-30 01:51:44","6.576"
"2025-11-30 01:51:44","6.576"
"2025-11-30 01:51:44","6.576"
"2025-11-30 01:51:44","6.576"
"2025-11-30 01:51:44","6.576"
"2025-11-30 01:51:44","6.576"
"2025-11-30 01:51:44","6.575"
"2025-11-30 01:51:44","6.576"
"2025-11-30 01:51:44","6.575"
"2025-11-30 01:51:44","6.576"
"2025-11-30 01:51:44","6.576"
"2025-11-30 01:51:44","6.575"
"2025-11-30 01:51:44","6.576"
"2025-11-30 01:51:44","6.576"
"2025-11-30 01:51:44","6.576"
"2025-11-30 01:51:44","6.576"
"2025-11-30 01:51:44","6.576"
"2025-11-30 01:51:44","6.575"
"2025-11-30 01:51:44","6.575"
"2025-11-30 01:51:44","6.575"
"2025-11-30 01:51:44","6.575"
"2025-11-30 01:51:44","6.577"
"2025-11-30 01:51:44","6.574"
"2025-11-30 01:51:44","6.57"
"2025-11-30 01:51:44","6.568"
"2025-11-30 01:51:44","6.567"
"2025-11-30 01:51:44","6.564"
"2025-11-30 01:51:44","6.567"
"2025-11-30 01:51:44","6.563"
"2025-11-30 01:51:44","6.56"
"2025-11-30 01:51:44","6.559"
"2025-11-30 01:51:44","6.559"
"2025-11-30 01:51:44","6.559"
"2025-11-30 01:51:44","6.557"
"2025-11-30 01:51:44","6.556"
"2025-11-30 01:51:44","6.557"
"2025-11-30 01:51:44","6.552"
"2025-11-30 01:51:44","6.55"
"2025-11-30 01:51:44","6.545"
"2025-11-30 01:51:44","6.544"
"2025-11-30 01:51:44","6.542"
"2025-11-30 01:51:44","6.54"
"2025-11-30 01:51:44","6.541"
"2025-11-30 01:51:44","6.545"
"2025-11-30 01:51:44","6.543"
"2025-11-30 01:51:44","6.543"
"2025-11-30 01:51:44","6.546"
"2025-11-30 01:51:44","6.549"
"2025-11-30 01:51:44","6.549"
"2025-11-30 01:51:44","6.548"
"2025-11-30 01:51:44","6.548"
"2025-11-30 01:51:44","6.548"
"2025-11-30 01:51:44","6.551"
"2025-11-30 01:51:44","6.551"
"2025-11-30 01:51:44","6.551"
"2025-11-30 01:51:44","6.551"
"2025-11-30 01:51:44","6.55"
"2025-11-30 01:51:44","6.551"
"2025-11-30 01:51:44","6.551"
"2025-11-30 01:51:44","6.55"
"2025-11-30 01:51:44","6.55"
"2025-11-30 01:51:44","6.551"
"2025-11-30 01:51:44","6.549"
"2025-11-30 01:51:44","6.55"
"2025-11-30 01:51:44","6.55"
"2025-11-30 01:51:44","6.55"
"2025-11-30 01:51:44","6.554"
"2025-11-30 01:51:44","6.55"
"2025-11-30 01:51:44","6.55"
"2025-11-30 01:51:44","6.549"
"2025-11-30 01:51:44","6.549"
"2025-11-30 01:51:44","6.548"
"2025-11-30 01:51:44","6.549"
"2025-11-30 01:51:44","6.549"
"2025-11-30 01:51:44","6.548"
"2025-11-30 01:51:44","6.549"
"2025-11-30 01:51:44","6.549"
"2025-11-30 01:51:44","6.55"
"2025-11-30 01:51:44","6.549"
"2025-11-30 01:51:44","6.55"
"2025-11-30 01:51:44","6.55"
"2025-11-30 01:51:44","6.553"
"2025-11-30 01:51:44","6.551"
"2025-11-30 01:51:44","6.554"
"2025-11-30 01:51:44","6.551"
"2025-11-30 01:51:44","6.551"
"2025-11-30 01:51:44","6.553"
"2025-11-30 01:51:44","6.551"
"2025-11-30 01:51:44","6.552"
"2025-11-30 01:51:44","6.551"
"2025-11-30 01:51:44","6.551"
"2025-11-30 01:51:44","6.553"
"2025-11-30 01:51:44","6.551"
"2025-11-30 01:51:44","6.551"
"2025-11-30 01:51:44","6.552"
"2025-11-30 01:51:44","6.552"
"2025-11-30 01:51:44","6.552"
"2025-11-30 01:51:44","6.552"
"2025-11-30 01:51:44","6.552"
"2025-11-30 01:51:44","6.552"
"2025-11-30 01:51:44","6.553"
"2025-11-30 01:51:44","6.554"
"2025-11-30 01:51:44","6.553"
"2025-11-30 01:51:44","6.552"
"2025-11-30 01:51:44","6.553"
"2025-11-30 01:51:44","6.554"
"2025-11-30 01:51:44","6.553"
"2025-11-30 01:51:44","6.553"
"2025-11-30 01:51:44","6.553"
"2025-11-30 01:51:44","6.552"
"2025-11-30 01:51:44","6.557"
"2025-11-30 01:51:44","6.552"
"2025-11-30 01:51:44","6.552"
"2025-11-30 01:51:44","6.552"
"2025-11-30 01:51:44","6.552"
"2025-11-30 01:51:44","6.552"
"2025-11-30 01:51:44","6.552"
"2025-11-30 01:51:44","6.551"
"2025-11-30 01:51:44","6.551"
"2025-11-30 01:51:44","6.551"
"2025-11-30 01:51:44","6.551"
"2025-11-30 01:51:44","6.551"
"2025-11-30 01:51:44","6.551"
"2025-11-30 01:51:44","6.551"
"2025-11-30 01:51:44","6.551"
"2025-11-30 01:51:44","6.552"
"2025-11-30 01:51:44","6.552"
"2025-11-30 01:51:44","6.553"
"2025-11-30 01:51:44","6.553"
"2025-11-30 01:51:44","6.554"
"2025-11-30 01:51:44","6.553"
"2025-11-30 01:51:44","6.553"
"2025-11-30 01:51:44","6.554"
"2025-11-30 01:51:44","6.555"
"2025-11-30 01:51:44","6.555"
"2025-11-30 01:51:44","6.555"
"2025-11-30 01:51:44","6.556"
"2025-11-30 01:51:44","6.557"
"2025-11-30 01:51:44","6.557"
"2025-11-30 01:51:44","6.557"
"2025-11-30 01:51:44","6.557"
"2025-11-30 01:51:44","6.557"
"2025-11-30 01:51:44","6.557"
"2025-11-30 01:51:44","6.557"
"2025-11-30 01:51:44","6.557"
"2025-11-30 01:51:44","6.557"
"2025-11-30 01:51:44","6.557"
"2025-11-30 01:51:44","6.557"
"2025-11-30 01:51:44","6.558"
"2025-11-30 01:51:44","6.561"
"2025-11-30 01:51:44","6.559"
"2025-11-30 01:51:44","6.558"
"2025-11-30 01:51:44","6.557"
"2025-11-30 01:51:44","6.558"
"2025-11-30 01:51:44","6.559"
"2025-11-30 01:51:44","6.559"
"2025-11-30 01:51:44","6.559"
"2025-11-30 01:51:44","6.559"
"2025-11-30 01:51:44","6.559"
"2025-11-30 01:51:44","6.559"
"2025-11-30 01:51:44","6.558"
"2025-11-30 01:51:44","6.558"
"2025-11-30 01:51:44","6.558"
"2025-11-30 01:51:44","6.559"
"2025-11-30 01:51:44","6.558"
"2025-11-30 01:51:44","6.558"
"2025-11-30 01:51:44","6.558"
"2025-11-30 01:51:44","6.56"
"2025-11-30 01:51:44","6.558"
"2025-11-30 01:51:44","6.558"
"2025-11-30 01:51:44","6.558"
"2025-11-30 01:51:44","6.558"
"2025-11-30 01:51:44","6.557"
"2025-11-30 01:51:44","6.557"
"2025-11-30 01:51:44","6.557"
"2025-11-30 01:51:44","6.556"
"2025-11-30 01:51:44","6.557"
"2025-11-30 01:51:44","6.555"
"2025-11-30 01:51:44","6.555"
"2025-11-30 01:51:44","6.555"
"2025-11-30 01:51:44","6.554"
"2025-11-30 01:51:44","6.554"
"2025-11-30 01:51:44","6.553"
"2025-11-30 01:51:44","6.554"
"2025-11-30 01:51:44","6.554"
"2025-11-30 01:51:44","6.555"
"2025-11-30 01:51:44","6.554"
"2025-11-30 01:51:44","6.555"
"2025-11-30 01:51:44","6.557"
"2025-11-30 01:51:44","6.557"
"2025-11-30 01:51:44","6.557"
"2025-11-30 01:51:44","6.558"
"2025-11-30 01:51:44","6.558"
"2025-11-30 01:51:44","6.56"
"2025-11-30 01:51:44","6.561"
"2025-11-30 01:51:44","6.562"
"2025-11-30 01:51:44","6.561"
"2025-11-30 01:51:44","6.562"
"2025-11-30 01:51:44","6.562"
"2025-11-30 01:51:44","6.564"
"2025-11-30 01:51:44","6.564"
"2025-11-30 01:51:44","6.564"
"2025-11-30 01:51:44","6.564"
"2025-11-30 01:51:44","6.564"
"2025-11-30 01:51:44","6.564"
"2025-11-30 01:51:44","6.564"
"2025-11-30 01:51:44","6.564"
"2025-11-30 01:51:44","6.565"
"2025-11-30 01:51:44","6.563"
"2025-11-30 01:51:44","6.563"
"2025-11-30 01:51:44","6.563"
"2025-11-30 01:51:44","6.562"
"2025-11-30 01:51:44","6.561"
"2025-11-30 01:51:44","6.562"
"2025-11-30 01:51:44","6.562"
"2025-11-30 01:51:44","6.563"
"2025-11-30 01:51:44","6.563"
"2025-11-30 01:51:44","6.562"
"2025-11-30 01:51:44","6.563"
"2025-11-30 01:51:44","6.564"
"2025-11-30 01:51:44","6.564"
"2025-11-30 01:51:44","6.565"
"2025-11-30 01:51:44","6.566"
"2025-11-30 01:51:44","6.566"
"2025-11-30 01:51:44","6.567"
"2025-11-30 01:51:44","6.567"
"2025-11-30 01:51:44","6.57"
"2025-11-30 01:51:44","6.569"
"2025-11-30 01:51:44","6.57"
"2025-11-30 01:51:44","6.57"
"2025-11-30 01:51:44","6.57"
"2025-11-30 01:51:44","6.57"
"2025-11-30 01:51:44","6.572"
"2025-11-30 01:51:44","6.572"
"2025-11-30 01:51:44","6.574"
"2025-11-30 01:51:44","6.576"
"2025-11-30 01:51:44","6.577"
"2025-11-30 01:51:44","6.577"
"2025-11-30 01:51:44","6.578"
"2025-11-30 01:51:44","6.578"
"2025-11-30 01:51:44","6.578"
"2025-11-30 01:51:44","6.578"
"2025-11-30 01:51:44","6.578"
"2025-11-30 01:51:44","6.578"
"2025-11-30 01:51:44","6.579"
"2025-11-30 01:51:44","6.579"
"2025-11-30 01:51:44","6.58"
"2025-11-30 01:51:44","6.581"
"2025-11-30 01:51:44","6.58"
"2025-11-30 01:51:44","6.58"
"2025-11-30 01:51:44","6.581"
"2025-11-30 01:51:44","6.58"
"2025-11-30 01:51:44","6.58"
"2025-11-30 01:51:44","6.58"
"2025-11-30 01:51:44","6.58"
"2025-11-30 01:51:44","6.582"
"2025-11-30 01:51:44","6.582"
"2025-11-30 01:51:44","6.582"
"2025-11-30 01:51:44","6.582"
"2025-11-30 01:51:44","6.582"
"2025-11-30 01:51:44","6.582"
"2025-11-30 01:51:44","6.582"
"2025-11-30 01:51:44","6.582"
"2025-11-30 01:51:44","6.583"
"2025-11-30 01:51:44","6.583"
"2025-11-30 01:51:44","6.583"
"2025-11-30 01:51:44","6.583"
"2025-11-30 01:51:44","6.584"
"2025-11-30 01:51:44","6.583"
"2025-11-30 01:51:44","6.583"
"2025-11-30 01:51:44","6.584"
"2025-11-30 01:51:44","6.583"
"2025-11-30 01:51:44","6.584"
"2025-11-30 01:51:44","6.584"
"2025-11-30 01:51:44","6.584"
"2025-11-30 01:51:44","6.584"
"2025-11-30 01:51:44","6.584"
"2025-11-30 01:51:44","6.584"
"2025-11-30 01:51:44","6.584"
"2025-11-30 01:51:44","6.584"
"2025-11-30 01:51:44","6.584"
"2025-11-30 01:51:44","6.584"
"2025-11-30 01:51:44","6.584"
"2025-11-30 01:51:44","6.584"
"2025-11-30 01:51:44","6.584"
"2025-11-30 01:51:44","6.585"
"2025-11-30 01:51:44","6.585"
"2025-11-30 01:51:44","6.585"
"2025-11-30 01:51:44","6.586"
"2025-11-30 01:51:44","6.586"
"2025-11-30 01:51:44","6.586"
"2025-11-30 01:51:44","6.586"
"2025-11-30 01:51:44","6.585"
"2025-11-30 01:51:44","6.584"
"2025-11-30 01:51:44","6.585"
"2025-11-30 01:51:44","6.584"
"2025-11-30 01:51:44","6.584"
"2025-11-30 01:51:44","6.584"
"2025-11-30 01:51:44","6.584"
"2025-11-30 01:51:44","6.584"
"2025-11-30 01:51:44","6.584"
"2025-11-30 01:51:44","6.584"
"2025-11-30 01:51:44","6.584"
"2025-11-30 01:51:44","6.584"
"2025-11-30 01:51:44","6.584"
"2025-11-30 01:51:44","6.583"
"2025-11-30 01:51:44","6.584"
"2025-11-30 01:51:44","6.584"
"2025-11-30 01:51:44","6.584"
"2025-11-30 01:51:44","6.584"
"2025-11-30 01:51:44","6.584"
"2025-11-30 01:51:44","6.584"
"2025-11-30 01:51:44","6.584"
"2025-11-30 01:51:44","6.583"
"2025-11-30 01:51:44","6.583"
"2025-11-30 01:51:44","6.583"
"2025-11-30 01:51:44","6.583"
"2025-11-30 01:51:44","6.583"
"2025-11-30 01:51:44","6.584"
"2025-11-30 01:51:44","6.583"
"2025-11-30 01:51:44","6.583"
"2025-11-30 01:51:44","6.583"
"2025-11-30 01:51:44","6.583"
"2025-11-30 01:51:44","6.583"
"2025-11-30 01:51:44","6.582"
"2025-11-30 01:51:44","6.581"
"2025-11-30 01:51:44","6.581"
"2025-11-30 01:51:44","6.581"
"2025-11-30 01:51:44","6.58"
"2025-11-30 01:51:44","6.58"
"2025-11-30 01:51:44","6.58"
"2025-11-30 01:51:44","6.579"
"2025-11-30 01:51:44","6.58"
"2025-11-30 01:51:44","6.579"
"2025-11-30 01:51:44","6.579"
"2025-11-30 01:51:44","6.578"
"2025-11-30 01:51:44","6.577"
"2025-11-30 01:51:44","6.577"
"2025-11-30 01:51:44","6.574"
"2025-11-30 01:51:44","6.573"
"2025-11-30 01:51:44","6.571"
"2025-11-30 01:51:44","6.569"
"2025-11-30 01:51:44","6.568"
"2025-11-30 01:51:44","6.567"
"2025-11-30 01:51:44","6.564"
"2025-11-30 01:51:44","6.56"
"2025-11-30 01:51:44","6.559"
"2025-11-30 01:51:44","6.559"
"2025-11-30 01:51:44","6.56"
"2025-11-30 01:51:44","6.557"
"2025-11-30 01:51:44","6.556"
"2025-11-30 01:51:44","6.55"
"2025-11-30 01:51:44","6.549"
"2025-11-30 01:51:44","6.549"
"2025-11-30 01:51:44","6.549"
"2025-11-30 01:51:44","6.548"
"2025-11-30 01:51:44","6.545"
"2025-11-30 01:51:44","6.545"
"2025-11-30 01:51:44","6.543"
"2025-11-30 01:51:44","6.544"
"2025-11-30 01:51:44","6.544"
"2025-11-30 01:51:44","6.543"
"2025-11-30 01:51:44","6.542"
"2025-11-30 01:51:44","6.542"
"2025-11-30 01:51:44","6.541"
"2025-11-30 01:51:44","6.543"
"2025-11-30 01:51:44","6.541"
"2025-11-30 01:51:44","6.542"
"2025-11-30 01:51:44","6.54"
"2025-11-30 01:51:44","6.541"
"2025-11-30 01:51:44","6.541"
"2025-11-30 01:51:44","6.541"
